task,model,is_inst,is_reasoning_model,threshold_fitted,threshold,threshold_obj,accuracy,balanced_accuracy,bench_hash,num_shots,prompt_format,prompt_connector,prompt_granularity,prompt_feature_order,prompt_example_order,prompt_example_composition,eval_results_path,predictions_path,correct_order_bias,reasoning_effort,generation_seed,qa_mode,responses_path
ACSIncome,Qwen/Qwen3-14B,0,1,1,0.4,balanced_accuracy,0.7516520485401899,0.7579411372450761,1516543174,0,bullet,is,original,default,,,results/0-bullet-is/model-Qwen--Qwen3-14B/Qwen--Qwen3-14B_task-ACSIncome/Qwen--Qwen3-14B_bench-1516543174/results.bench-1516543174.json,results/0-bullet-is/model-Qwen--Qwen3-14B/Qwen--Qwen3-14B_task-ACSIncome/Qwen--Qwen3-14B_bench-1199662212/ACSIncome_subsampled-0.05_seed-42_hash-337940531.test_predictions.csv,1,1,562,numeric,results/0-bullet-is/model-Qwen--Qwen3-14B/Qwen--Qwen3-14B_task-ACSIncome/Qwen--Qwen3-14B_bench-1199662212/ACSIncome_subsampled-0.05_seed-42_hash-337940531.test_responses.csv
ACSIncome,Qwen/Qwen3-14B,0,1,1,0.5,balanced_accuracy,0.7589811366093957,0.7584531747131682,1744835800,0,bullet,is,original,default,,,results/0-bullet-is/model-Qwen--Qwen3-14B/Qwen--Qwen3-14B_task-ACSIncome/Qwen--Qwen3-14B_bench-1744835800/results.bench-1744835800.json,results/0-bullet-is/model-Qwen--Qwen3-14B/Qwen--Qwen3-14B_task-ACSIncome/Qwen--Qwen3-14B_bench-1744835800/ACSIncome_subsampled-0.05_seed-42_hash-2263364311.test_predictions.csv,1,1,562,mcq,results/0-bullet-is/model-Qwen--Qwen3-14B/Qwen--Qwen3-14B_task-ACSIncome/Qwen--Qwen3-14B_bench-1744835800/ACSIncome_subsampled-0.05_seed-42_hash-2263364311.test_responses.csv
ACSIncome,Qwen/Qwen3-14B,0,1,1,0.5,balanced_accuracy,0.7556169650366454,0.7512240628436029,177603773,0,bullet,is,original,default,,,results/0-bullet-is/model-Qwen--Qwen3-14B/Qwen--Qwen3-14B_task-ACSIncome/Qwen--Qwen3-14B_bench-177603773/results.bench-177603773.json,results/0-bullet-is/model-Qwen--Qwen3-14B/Qwen--Qwen3-14B_task-ACSIncome/Qwen--Qwen3-14B_bench-177603773/ACSIncome_subsampled-0.05_seed-42_hash-337940531.test_predictions.csv,1,0,42,numeric,results/0-bullet-is/model-Qwen--Qwen3-14B/Qwen--Qwen3-14B_task-ACSIncome/Qwen--Qwen3-14B_bench-177603773/ACSIncome_subsampled-0.05_seed-42_hash-337940531.test_responses.csv
ACSIncome,Qwen/Qwen3-14B,0,1,1,0.4,balanced_accuracy,0.7500901117385558,0.7553919290230164,1870564252,0,bullet,is,original,default,,,results/0-bullet-is/model-Qwen--Qwen3-14B/Qwen--Qwen3-14B_task-ACSIncome/Qwen--Qwen3-14B_bench-1870564252/results.bench-1870564252.json,results/0-bullet-is/model-Qwen--Qwen3-14B/Qwen--Qwen3-14B_task-ACSIncome/Qwen--Qwen3-14B_bench-76857577/ACSIncome_subsampled-0.05_seed-42_hash-337940531.test_predictions.csv,1,1,264,numeric,results/0-bullet-is/model-Qwen--Qwen3-14B/Qwen--Qwen3-14B_task-ACSIncome/Qwen--Qwen3-14B_bench-76857577/ACSIncome_subsampled-0.05_seed-42_hash-337940531.test_responses.csv
ACSIncome,Qwen/Qwen3-14B,0,1,1,0.5,balanced_accuracy,0.7629460531058513,0.763383047693788,2220269690,0,bullet,is,original,default,,,results/0-bullet-is/model-Qwen--Qwen3-14B/Qwen--Qwen3-14B_task-ACSIncome/Qwen--Qwen3-14B_bench-2220269690/results.bench-2220269690.json,results/0-bullet-is/model-Qwen--Qwen3-14B/Qwen--Qwen3-14B_task-ACSIncome/Qwen--Qwen3-14B_bench-2220269690/ACSIncome_subsampled-0.05_seed-42_hash-2263364311.test_predictions.csv,1,1,42,mcq,results/0-bullet-is/model-Qwen--Qwen3-14B/Qwen--Qwen3-14B_task-ACSIncome/Qwen--Qwen3-14B_bench-2220269690/ACSIncome_subsampled-0.05_seed-42_hash-2263364311.test_responses.csv
ACSIncome,Qwen/Qwen3-14B,0,1,1,0.4,balanced_accuracy,0.7528535383876006,0.7575716105999687,2290560081,0,bullet,is,original,default,,,results/0-bullet-is/model-Qwen--Qwen3-14B/Qwen--Qwen3-14B_task-ACSIncome/Qwen--Qwen3-14B_bench-2290560081/results.bench-2290560081.json,results/0-bullet-is/model-Qwen--Qwen3-14B/Qwen--Qwen3-14B_task-ACSIncome/Qwen--Qwen3-14B_bench-2932947239/ACSIncome_subsampled-0.05_seed-42_hash-337940531.test_predictions.csv,1,1,42,numeric,results/0-bullet-is/model-Qwen--Qwen3-14B/Qwen--Qwen3-14B_task-ACSIncome/Qwen--Qwen3-14B_bench-2932947239/ACSIncome_subsampled-0.05_seed-42_hash-337940531.test_responses.csv
ACSIncome,Qwen/Qwen3-14B,0,1,1,0.5,balanced_accuracy,0.7491289198606271,0.7580308052290711,2966070280,0,bullet,is,original,default,,,results/0-bullet-is/model-Qwen--Qwen3-14B/Qwen--Qwen3-14B_task-ACSIncome/Qwen--Qwen3-14B_bench-2966070280/results.bench-2966070280.json,results/0-bullet-is/model-Qwen--Qwen3-14B/Qwen--Qwen3-14B_task-ACSIncome/Qwen--Qwen3-14B_bench-2966070280/ACSIncome_subsampled-0.05_seed-42_hash-2263364311.test_predictions.csv,1,0,562,mcq,results/0-bullet-is/model-Qwen--Qwen3-14B/Qwen--Qwen3-14B_task-ACSIncome/Qwen--Qwen3-14B_bench-2966070280/ACSIncome_subsampled-0.05_seed-42_hash-2263364311.test_responses.csv
ACSIncome,Qwen/Qwen3-14B,0,1,1,0.5,balanced_accuracy,0.7480475789979575,0.7577325028931376,2976599974,0,bullet,is,original,default,,,results/0-bullet-is/model-Qwen--Qwen3-14B/Qwen--Qwen3-14B_task-ACSIncome/Qwen--Qwen3-14B_bench-2976599974/results.bench-2976599974.json,results/0-bullet-is/model-Qwen--Qwen3-14B/Qwen--Qwen3-14B_task-ACSIncome/Qwen--Qwen3-14B_bench-2976599974/ACSIncome_subsampled-0.05_seed-42_hash-2263364311.test_predictions.csv,1,0,264,mcq,results/0-bullet-is/model-Qwen--Qwen3-14B/Qwen--Qwen3-14B_task-ACSIncome/Qwen--Qwen3-14B_bench-2976599974/ACSIncome_subsampled-0.05_seed-42_hash-2263364311.test_responses.csv
ACSIncome,Qwen/Qwen3-14B,0,1,1,0.6,balanced_accuracy,0.7661900756938604,0.7513137930322347,2979053217,0,bullet,is,original,default,,,results/0-bullet-is/model-Qwen--Qwen3-14B/Qwen--Qwen3-14B_task-ACSIncome/Qwen--Qwen3-14B_bench-2979053217/results.bench-2979053217.json,results/0-bullet-is/model-Qwen--Qwen3-14B/Qwen--Qwen3-14B_task-ACSIncome/Qwen--Qwen3-14B_bench-2472909106/ACSIncome_subsampled-0.05_seed-42_hash-337940531.test_predictions.csv,1,0,179,numeric,results/0-bullet-is/model-Qwen--Qwen3-14B/Qwen--Qwen3-14B_task-ACSIncome/Qwen--Qwen3-14B_bench-2472909106/ACSIncome_subsampled-0.05_seed-42_hash-337940531.test_responses.csv
ACSIncome,Qwen/Qwen3-14B,0,1,1,0.5,balanced_accuracy,0.7606632223957708,0.7608891704961914,3366497972,0,bullet,is,original,default,,,results/0-bullet-is/model-Qwen--Qwen3-14B/Qwen--Qwen3-14B_task-ACSIncome/Qwen--Qwen3-14B_bench-3366497972/results.bench-3366497972.json,results/0-bullet-is/model-Qwen--Qwen3-14B/Qwen--Qwen3-14B_task-ACSIncome/Qwen--Qwen3-14B_bench-3366497972/ACSIncome_subsampled-0.05_seed-42_hash-2263364311.test_predictions.csv,1,1,179,mcq,results/0-bullet-is/model-Qwen--Qwen3-14B/Qwen--Qwen3-14B_task-ACSIncome/Qwen--Qwen3-14B_bench-3366497972/ACSIncome_subsampled-0.05_seed-42_hash-2263364311.test_responses.csv
ACSIncome,Qwen/Qwen3-14B,0,1,1,0.5,balanced_accuracy,0.7485281749369218,0.7572103260692418,3400037445,0,bullet,is,original,default,,,results/0-bullet-is/model-Qwen--Qwen3-14B/Qwen--Qwen3-14B_task-ACSIncome/Qwen--Qwen3-14B_bench-3400037445/results.bench-3400037445.json,results/0-bullet-is/model-Qwen--Qwen3-14B/Qwen--Qwen3-14B_task-ACSIncome/Qwen--Qwen3-14B_bench-3400037445/ACSIncome_subsampled-0.05_seed-42_hash-2263364311.test_predictions.csv,1,0,179,mcq,results/0-bullet-is/model-Qwen--Qwen3-14B/Qwen--Qwen3-14B_task-ACSIncome/Qwen--Qwen3-14B_bench-3400037445/ACSIncome_subsampled-0.05_seed-42_hash-2263364311.test_responses.csv
ACSIncome,Qwen/Qwen3-14B,0,1,1,0.35,balanced_accuracy,0.7378349152949658,0.7539754361353702,3595158300,0,bullet,is,original,default,,,results/0-bullet-is/model-Qwen--Qwen3-14B/Qwen--Qwen3-14B_task-ACSIncome/Qwen--Qwen3-14B_bench-3595158300/results.bench-3595158300.json,results/0-bullet-is/model-Qwen--Qwen3-14B/Qwen--Qwen3-14B_task-ACSIncome/Qwen--Qwen3-14B_bench-2018839122/ACSIncome_subsampled-0.05_seed-42_hash-337940531.test_predictions.csv,1,1,478,numeric,results/0-bullet-is/model-Qwen--Qwen3-14B/Qwen--Qwen3-14B_task-ACSIncome/Qwen--Qwen3-14B_bench-2018839122/ACSIncome_subsampled-0.05_seed-42_hash-337940531.test_responses.csv
ACSIncome,Qwen/Qwen3-14B,0,1,1,0.5,balanced_accuracy,0.74720653610477,0.7548506553756127,3728529537,0,bullet,is,original,default,,,results/0-bullet-is/model-Qwen--Qwen3-14B/Qwen--Qwen3-14B_task-ACSIncome/Qwen--Qwen3-14B_bench-3728529537/results.bench-3728529537.json,results/0-bullet-is/model-Qwen--Qwen3-14B/Qwen--Qwen3-14B_task-ACSIncome/Qwen--Qwen3-14B_bench-3728529537/ACSIncome_subsampled-0.05_seed-42_hash-2263364311.test_predictions.csv,1,0,42,mcq,results/0-bullet-is/model-Qwen--Qwen3-14B/Qwen--Qwen3-14B_task-ACSIncome/Qwen--Qwen3-14B_bench-3728529537/ACSIncome_subsampled-0.05_seed-42_hash-2263364311.test_responses.csv
ACSIncome,Qwen/Qwen3-14B,0,1,1,0.6,balanced_accuracy,0.7640273939685209,0.7519650755798779,400463795,0,bullet,is,original,default,,,results/0-bullet-is/model-Qwen--Qwen3-14B/Qwen--Qwen3-14B_task-ACSIncome/Qwen--Qwen3-14B_bench-400463795/results.bench-400463795.json,results/0-bullet-is/model-Qwen--Qwen3-14B/Qwen--Qwen3-14B_task-ACSIncome/Qwen--Qwen3-14B_bench-3944074390/ACSIncome_subsampled-0.05_seed-42_hash-337940531.test_predictions.csv,1,0,562,numeric,results/0-bullet-is/model-Qwen--Qwen3-14B/Qwen--Qwen3-14B_task-ACSIncome/Qwen--Qwen3-14B_bench-3944074390/ACSIncome_subsampled-0.05_seed-42_hash-337940531.test_responses.csv
ACSIncome,Qwen/Qwen3-14B,0,1,1,0.45,balanced_accuracy,0.74720653610477,0.7537414222916039,4096326092,0,bullet,is,original,default,,,results/0-bullet-is/model-Qwen--Qwen3-14B/Qwen--Qwen3-14B_task-ACSIncome/Qwen--Qwen3-14B_bench-4096326092/results.bench-4096326092.json,results/0-bullet-is/model-Qwen--Qwen3-14B/Qwen--Qwen3-14B_task-ACSIncome/Qwen--Qwen3-14B_bench-980628279/ACSIncome_subsampled-0.05_seed-42_hash-337940531.test_predictions.csv,1,0,478,numeric,results/0-bullet-is/model-Qwen--Qwen3-14B/Qwen--Qwen3-14B_task-ACSIncome/Qwen--Qwen3-14B_bench-980628279/ACSIncome_subsampled-0.05_seed-42_hash-337940531.test_responses.csv
ACSIncome,Qwen/Qwen3-14B,0,1,1,0.5,balanced_accuracy,0.7627057551363691,0.7622229312168496,4219599254,0,bullet,is,original,default,,,results/0-bullet-is/model-Qwen--Qwen3-14B/Qwen--Qwen3-14B_task-ACSIncome/Qwen--Qwen3-14B_bench-4219599254/results.bench-4219599254.json,results/0-bullet-is/model-Qwen--Qwen3-14B/Qwen--Qwen3-14B_task-ACSIncome/Qwen--Qwen3-14B_bench-4219599254/ACSIncome_subsampled-0.05_seed-42_hash-2263364311.test_predictions.csv,1,1,264,mcq,results/0-bullet-is/model-Qwen--Qwen3-14B/Qwen--Qwen3-14B_task-ACSIncome/Qwen--Qwen3-14B_bench-4219599254/ACSIncome_subsampled-0.05_seed-42_hash-2263364311.test_responses.csv
ACSIncome,Qwen/Qwen3-14B,0,1,1,0.5,balanced_accuracy,0.7461251952421002,0.7548989883784321,4234830231,0,bullet,is,original,default,,,results/0-bullet-is/model-Qwen--Qwen3-14B/Qwen--Qwen3-14B_task-ACSIncome/Qwen--Qwen3-14B_bench-4234830231/results.bench-4234830231.json,results/0-bullet-is/model-Qwen--Qwen3-14B/Qwen--Qwen3-14B_task-ACSIncome/Qwen--Qwen3-14B_bench-4234830231/ACSIncome_subsampled-0.05_seed-42_hash-2263364311.test_predictions.csv,1,0,478,mcq,results/0-bullet-is/model-Qwen--Qwen3-14B/Qwen--Qwen3-14B_task-ACSIncome/Qwen--Qwen3-14B_bench-4234830231/ACSIncome_subsampled-0.05_seed-42_hash-2263364311.test_responses.csv
ACSIncome,Qwen/Qwen3-14B,0,1,1,0.6,balanced_accuracy,0.7666706716328247,0.7546739320023697,567451265,0,bullet,is,original,default,,,results/0-bullet-is/model-Qwen--Qwen3-14B/Qwen--Qwen3-14B_task-ACSIncome/Qwen--Qwen3-14B_bench-567451265/results.bench-567451265.json,results/0-bullet-is/model-Qwen--Qwen3-14B/Qwen--Qwen3-14B_task-ACSIncome/Qwen--Qwen3-14B_bench-3375790014/ACSIncome_subsampled-0.05_seed-42_hash-337940531.test_predictions.csv,1,0,264,numeric,results/0-bullet-is/model-Qwen--Qwen3-14B/Qwen--Qwen3-14B_task-ACSIncome/Qwen--Qwen3-14B_bench-3375790014/ACSIncome_subsampled-0.05_seed-42_hash-337940531.test_responses.csv
ACSIncome,Qwen/Qwen3-14B,0,1,1,0.5,balanced_accuracy,0.759581881533101,0.7592043268052471,757366097,0,bullet,is,original,default,,,results/0-bullet-is/model-Qwen--Qwen3-14B/Qwen--Qwen3-14B_task-ACSIncome/Qwen--Qwen3-14B_bench-757366097/results.bench-757366097.json,results/0-bullet-is/model-Qwen--Qwen3-14B/Qwen--Qwen3-14B_task-ACSIncome/Qwen--Qwen3-14B_bench-757366097/ACSIncome_subsampled-0.05_seed-42_hash-2263364311.test_predictions.csv,1,1,478,mcq,results/0-bullet-is/model-Qwen--Qwen3-14B/Qwen--Qwen3-14B_task-ACSIncome/Qwen--Qwen3-14B_bench-757366097/ACSIncome_subsampled-0.05_seed-42_hash-2263364311.test_responses.csv
ACSIncome,Qwen/Qwen3-14B,0,1,1,0.5,balanced_accuracy,0.7682326084344587,0.7575697755631821,829369468,0,bullet,is,original,default,,,results/0-bullet-is/model-Qwen--Qwen3-14B/Qwen--Qwen3-14B_task-ACSIncome/Qwen--Qwen3-14B_bench-829369468/results.bench-829369468.json,results/0-bullet-is/model-Qwen--Qwen3-14B/Qwen--Qwen3-14B_task-ACSIncome/Qwen--Qwen3-14B_bench-829369468/ACSIncome_subsampled-0.05_seed-42_hash-337940531.test_predictions.csv,1,1,179,numeric,results/0-bullet-is/model-Qwen--Qwen3-14B/Qwen--Qwen3-14B_task-ACSIncome/Qwen--Qwen3-14B_bench-829369468/ACSIncome_subsampled-0.05_seed-42_hash-337940531.test_responses.csv
ACSIncome,Qwen/Qwen3-32B,0,1,1,0.58,balanced_accuracy,0.7554968160519043,0.7507133316728842,1044905101,0,bullet,is,original,default,,,results/0-bullet-is/model-Qwen--Qwen3-32B/Qwen--Qwen3-32B_task-ACSIncome/Qwen--Qwen3-32B_bench-1044905101/results.bench-1044905101.json,results/0-bullet-is/model-Qwen--Qwen3-32B/Qwen--Qwen3-32B_task-ACSIncome/Qwen--Qwen3-32B_bench-3456548704/ACSIncome_subsampled-0.05_seed-42_hash-337940531.test_predictions.csv,1,0,478,numeric,results/0-bullet-is/model-Qwen--Qwen3-32B/Qwen--Qwen3-32B_task-ACSIncome/Qwen--Qwen3-32B_bench-3456548704/ACSIncome_subsampled-0.05_seed-42_hash-337940531.test_responses.csv
ACSIncome,Qwen/Qwen3-32B,0,1,1,1.0,balanced_accuracy,0.777724378229004,0.7666510304944547,1046467413,0,bullet,is,original,default,,,results/0-bullet-is/model-Qwen--Qwen3-32B/Qwen--Qwen3-32B_task-ACSIncome/Qwen--Qwen3-32B_bench-1046467413/results.bench-1046467413.json,results/0-bullet-is/model-Qwen--Qwen3-32B/Qwen--Qwen3-32B_task-ACSIncome/Qwen--Qwen3-32B_bench-4002534371/ACSIncome_subsampled-0.05_seed-42_hash-2263364311.test_predictions.csv,1,1,478,mcq,results/0-bullet-is/model-Qwen--Qwen3-32B/Qwen--Qwen3-32B_task-ACSIncome/Qwen--Qwen3-32B_bench-4002534371/ACSIncome_subsampled-0.05_seed-42_hash-2263364311.test_responses.csv
ACSIncome,Qwen/Qwen3-32B,0,1,1,0.55,balanced_accuracy,0.7548371589953131,0.7576507181262613,1231467904,0,bullet,is,original,default,,,results/0-bullet-is/model-Qwen--Qwen3-32B/Qwen--Qwen3-32B_task-ACSIncome/Qwen--Qwen3-32B_bench-1231467904/results.bench-1231467904.json,results/0-bullet-is/model-Qwen--Qwen3-32B/Qwen--Qwen3-32B_task-ACSIncome/Qwen--Qwen3-32B_bench-84214811/ACSIncome_subsampled-0.05_seed-42_hash-337940531.test_predictions.csv,1,0,264,numeric,results/0-bullet-is/model-Qwen--Qwen3-32B/Qwen--Qwen3-32B_task-ACSIncome/Qwen--Qwen3-32B_bench-84214811/ACSIncome_subsampled-0.05_seed-42_hash-337940531.test_responses.csv
ACSIncome,Qwen/Qwen3-32B,0,1,1,0.45,balanced_accuracy,0.7588609876246546,0.7657070751305115,1459174555,0,bullet,is,original,default,,,results/0-bullet-is/model-Qwen--Qwen3-32B/Qwen--Qwen3-32B_task-ACSIncome/Qwen--Qwen3-32B_bench-1459174555/results.bench-1459174555.json,results/0-bullet-is/model-Qwen--Qwen3-32B/Qwen--Qwen3-32B_task-ACSIncome/Qwen--Qwen3-32B_bench-2494948706/ACSIncome_subsampled-0.05_seed-42_hash-337940531.test_predictions.csv,1,1,562,numeric,results/0-bullet-is/model-Qwen--Qwen3-32B/Qwen--Qwen3-32B_task-ACSIncome/Qwen--Qwen3-32B_bench-2494948706/ACSIncome_subsampled-0.05_seed-42_hash-337940531.test_responses.csv
ACSIncome,Qwen/Qwen3-32B,0,1,1,0.5,balanced_accuracy,0.7625856061516281,0.7705860647182018,1600028433,0,bullet,is,original,default,,,results/0-bullet-is/model-Qwen--Qwen3-32B/Qwen--Qwen3-32B_task-ACSIncome/Qwen--Qwen3-32B_bench-1600028433/results.bench-1600028433.json,results/0-bullet-is/model-Qwen--Qwen3-32B/Qwen--Qwen3-32B_task-ACSIncome/Qwen--Qwen3-32B_bench-1600028433/ACSIncome_subsampled-0.05_seed-42_hash-2263364311.test_predictions.csv,1,1,562,mcq,results/0-bullet-is/model-Qwen--Qwen3-32B/Qwen--Qwen3-32B_task-ACSIncome/Qwen--Qwen3-32B_bench-1600028433/ACSIncome_subsampled-0.05_seed-42_hash-2263364311.test_responses.csv
ACSIncome,Qwen/Qwen3-32B,0,1,1,1.0,balanced_accuracy,0.769406392694064,0.762379747307973,1659567789,0,bullet,is,original,default,,,results/0-bullet-is/model-Qwen--Qwen3-32B/Qwen--Qwen3-32B_task-ACSIncome/Qwen--Qwen3-32B_bench-1659567789/results.bench-1659567789.json,results/0-bullet-is/model-Qwen--Qwen3-32B/Qwen--Qwen3-32B_task-ACSIncome/Qwen--Qwen3-32B_bench-4227225888/ACSIncome_subsampled-0.05_seed-42_hash-2263364311.test_predictions.csv,1,0,264,mcq,results/0-bullet-is/model-Qwen--Qwen3-32B/Qwen--Qwen3-32B_task-ACSIncome/Qwen--Qwen3-32B_bench-4227225888/ACSIncome_subsampled-0.05_seed-42_hash-2263364311.test_responses.csv
ACSIncome,Qwen/Qwen3-32B,0,1,1,0.5,balanced_accuracy,0.7450438543794305,0.758898964243033,2403507769,0,bullet,is,original,default,,,results/0-bullet-is/model-Qwen--Qwen3-32B/Qwen--Qwen3-32B_task-ACSIncome/Qwen--Qwen3-32B_bench-2403507769/results.bench-2403507769.json,results/0-bullet-is/model-Qwen--Qwen3-32B/Qwen--Qwen3-32B_task-ACSIncome/Qwen--Qwen3-32B_bench-2403507769/ACSIncome_subsampled-0.05_seed-42_hash-2263364311.test_predictions.csv,1,0,562,mcq,results/0-bullet-is/model-Qwen--Qwen3-32B/Qwen--Qwen3-32B_task-ACSIncome/Qwen--Qwen3-32B_bench-2403507769/ACSIncome_subsampled-0.05_seed-42_hash-2263364311.test_responses.csv
ACSIncome,Qwen/Qwen3-32B,0,1,1,0.5,balanced_accuracy,0.7600624774720653,0.7687345748051813,2551480624,0,bullet,is,original,default,,,results/0-bullet-is/model-Qwen--Qwen3-32B/Qwen--Qwen3-32B_task-ACSIncome/Qwen--Qwen3-32B_bench-2551480624/results.bench-2551480624.json,results/0-bullet-is/model-Qwen--Qwen3-32B/Qwen--Qwen3-32B_task-ACSIncome/Qwen--Qwen3-32B_bench-2551480624/ACSIncome_subsampled-0.05_seed-42_hash-2263364311.test_predictions.csv,1,1,179,mcq,results/0-bullet-is/model-Qwen--Qwen3-32B/Qwen--Qwen3-32B_task-ACSIncome/Qwen--Qwen3-32B_bench-2551480624/ACSIncome_subsampled-0.05_seed-42_hash-2263364311.test_responses.csv
ACSIncome,Qwen/Qwen3-32B,0,1,1,1.0,balanced_accuracy,0.7699146942208338,0.7615309668367176,276278950,0,bullet,is,original,default,,,results/0-bullet-is/model-Qwen--Qwen3-32B/Qwen--Qwen3-32B_task-ACSIncome/Qwen--Qwen3-32B_bench-276278950/results.bench-276278950.json,results/0-bullet-is/model-Qwen--Qwen3-32B/Qwen--Qwen3-32B_task-ACSIncome/Qwen--Qwen3-32B_bench-1988325236/ACSIncome_subsampled-0.05_seed-42_hash-2263364311.test_predictions.csv,1,0,42,mcq,results/0-bullet-is/model-Qwen--Qwen3-32B/Qwen--Qwen3-32B_task-ACSIncome/Qwen--Qwen3-32B_bench-1988325236/ACSIncome_subsampled-0.05_seed-42_hash-2263364311.test_responses.csv
ACSIncome,Qwen/Qwen3-32B,0,1,1,0.42,balanced_accuracy,0.7600624774720653,0.766446781569413,3016038623,0,bullet,is,original,default,,,results/0-bullet-is/model-Qwen--Qwen3-32B/Qwen--Qwen3-32B_task-ACSIncome/Qwen--Qwen3-32B_bench-3016038623/results.bench-3016038623.json,results/0-bullet-is/model-Qwen--Qwen3-32B/Qwen--Qwen3-32B_task-ACSIncome/Qwen--Qwen3-32B_bench-1914762139/ACSIncome_subsampled-0.05_seed-42_hash-337940531.test_predictions.csv,1,1,42,numeric,results/0-bullet-is/model-Qwen--Qwen3-32B/Qwen--Qwen3-32B_task-ACSIncome/Qwen--Qwen3-32B_bench-1914762139/ACSIncome_subsampled-0.05_seed-42_hash-337940531.test_responses.csv
ACSIncome,Qwen/Qwen3-32B,0,1,1,1.0,balanced_accuracy,0.7780848251832272,0.7656181224998402,3019292306,0,bullet,is,original,default,,,results/0-bullet-is/model-Qwen--Qwen3-32B/Qwen--Qwen3-32B_task-ACSIncome/Qwen--Qwen3-32B_bench-3019292306/results.bench-3019292306.json,results/0-bullet-is/model-Qwen--Qwen3-32B/Qwen--Qwen3-32B_task-ACSIncome/Qwen--Qwen3-32B_bench-3829515422/ACSIncome_subsampled-0.05_seed-42_hash-2263364311.test_predictions.csv,1,1,42,mcq,results/0-bullet-is/model-Qwen--Qwen3-32B/Qwen--Qwen3-32B_task-ACSIncome/Qwen--Qwen3-32B_bench-3829515422/ACSIncome_subsampled-0.05_seed-42_hash-2263364311.test_responses.csv
ACSIncome,Qwen/Qwen3-32B,0,1,1,0.55,balanced_accuracy,0.7696743962513517,0.7645304744248125,3165762361,0,bullet,is,original,default,,,results/0-bullet-is/model-Qwen--Qwen3-32B/Qwen--Qwen3-32B_task-ACSIncome/Qwen--Qwen3-32B_bench-3165762361/results.bench-3165762361.json,results/0-bullet-is/model-Qwen--Qwen3-32B/Qwen--Qwen3-32B_task-ACSIncome/Qwen--Qwen3-32B_bench-2598477082/ACSIncome_subsampled-0.05_seed-42_hash-337940531.test_predictions.csv,1,1,478,numeric,results/0-bullet-is/model-Qwen--Qwen3-32B/Qwen--Qwen3-32B_task-ACSIncome/Qwen--Qwen3-32B_bench-2598477082/ACSIncome_subsampled-0.05_seed-42_hash-337940531.test_responses.csv
ACSIncome,Qwen/Qwen3-32B,0,1,1,0.55,balanced_accuracy,0.7527333894028595,0.7568528982259983,3342695675,0,bullet,is,original,default,,,results/0-bullet-is/model-Qwen--Qwen3-32B/Qwen--Qwen3-32B_task-ACSIncome/Qwen--Qwen3-32B_bench-3342695675/results.bench-3342695675.json,results/0-bullet-is/model-Qwen--Qwen3-32B/Qwen--Qwen3-32B_task-ACSIncome/Qwen--Qwen3-32B_bench-1970731980/ACSIncome_subsampled-0.05_seed-42_hash-337940531.test_predictions.csv,1,0,562,numeric,results/0-bullet-is/model-Qwen--Qwen3-32B/Qwen--Qwen3-32B_task-ACSIncome/Qwen--Qwen3-32B_bench-1970731980/ACSIncome_subsampled-0.05_seed-42_hash-337940531.test_responses.csv
ACSIncome,Qwen/Qwen3-32B,0,1,1,0.5,balanced_accuracy,0.7492490688453682,0.763463758210079,3427556819,0,bullet,is,original,default,,,results/0-bullet-is/model-Qwen--Qwen3-32B/Qwen--Qwen3-32B_task-ACSIncome/Qwen--Qwen3-32B_bench-3427556819/results.bench-3427556819.json,results/0-bullet-is/model-Qwen--Qwen3-32B/Qwen--Qwen3-32B_task-ACSIncome/Qwen--Qwen3-32B_bench-3427556819/ACSIncome_subsampled-0.05_seed-42_hash-2263364311.test_predictions.csv,1,0,478,mcq,results/0-bullet-is/model-Qwen--Qwen3-32B/Qwen--Qwen3-32B_task-ACSIncome/Qwen--Qwen3-32B_bench-3427556819/ACSIncome_subsampled-0.05_seed-42_hash-2263364311.test_responses.csv
ACSIncome,Qwen/Qwen3-32B,0,1,1,0.5,balanced_accuracy,0.7514117505707076,0.7544932275323695,3627875040,0,bullet,is,original,default,,,results/0-bullet-is/model-Qwen--Qwen3-32B/Qwen--Qwen3-32B_task-ACSIncome/Qwen--Qwen3-32B_bench-3627875040/results.bench-3627875040.json,results/0-bullet-is/model-Qwen--Qwen3-32B/Qwen--Qwen3-32B_task-ACSIncome/Qwen--Qwen3-32B_bench-3627875040/ACSIncome_subsampled-0.05_seed-42_hash-337940531.test_predictions.csv,1,0,179,numeric,results/0-bullet-is/model-Qwen--Qwen3-32B/Qwen--Qwen3-32B_task-ACSIncome/Qwen--Qwen3-32B_bench-3627875040/ACSIncome_subsampled-0.05_seed-42_hash-337940531.test_responses.csv
ACSIncome,Qwen/Qwen3-32B,0,1,1,0.43,balanced_accuracy,0.7625856061516281,0.7680209632114313,3797270272,0,bullet,is,original,default,,,results/0-bullet-is/model-Qwen--Qwen3-32B/Qwen--Qwen3-32B_task-ACSIncome/Qwen--Qwen3-32B_bench-3797270272/results.bench-3797270272.json,results/0-bullet-is/model-Qwen--Qwen3-32B/Qwen--Qwen3-32B_task-ACSIncome/Qwen--Qwen3-32B_bench-4178477924/ACSIncome_subsampled-0.05_seed-42_hash-337940531.test_predictions.csv,1,1,179,numeric,results/0-bullet-is/model-Qwen--Qwen3-32B/Qwen--Qwen3-32B_task-ACSIncome/Qwen--Qwen3-32B_bench-4178477924/ACSIncome_subsampled-0.05_seed-42_hash-337940531.test_responses.csv
ACSIncome,Qwen/Qwen3-32B,0,1,1,0.5,balanced_accuracy,0.7651087348311907,0.7644649418399087,3896686500,0,bullet,is,original,default,,,results/0-bullet-is/model-Qwen--Qwen3-32B/Qwen--Qwen3-32B_task-ACSIncome/Qwen--Qwen3-32B_bench-3896686500/results.bench-3896686500.json,results/0-bullet-is/model-Qwen--Qwen3-32B/Qwen--Qwen3-32B_task-ACSIncome/Qwen--Qwen3-32B_bench-3896686500/ACSIncome_subsampled-0.05_seed-42_hash-337940531.test_predictions.csv,1,1,264,numeric,results/0-bullet-is/model-Qwen--Qwen3-32B/Qwen--Qwen3-32B_task-ACSIncome/Qwen--Qwen3-32B_bench-3896686500/ACSIncome_subsampled-0.05_seed-42_hash-337940531.test_responses.csv
ACSIncome,Qwen/Qwen3-32B,0,1,1,1.0,balanced_accuracy,0.7735191637630662,0.7635421049501703,409810030,0,bullet,is,original,default,,,results/0-bullet-is/model-Qwen--Qwen3-32B/Qwen--Qwen3-32B_task-ACSIncome/Qwen--Qwen3-32B_bench-409810030/results.bench-409810030.json,results/0-bullet-is/model-Qwen--Qwen3-32B/Qwen--Qwen3-32B_task-ACSIncome/Qwen--Qwen3-32B_bench-4065220159/ACSIncome_subsampled-0.05_seed-42_hash-2263364311.test_predictions.csv,1,0,179,mcq,results/0-bullet-is/model-Qwen--Qwen3-32B/Qwen--Qwen3-32B_task-ACSIncome/Qwen--Qwen3-32B_bench-4065220159/ACSIncome_subsampled-0.05_seed-42_hash-2263364311.test_responses.csv
ACSIncome,Qwen/Qwen3-32B,0,1,1,0.5,balanced_accuracy,0.7592214345788778,0.767308595710418,500294340,0,bullet,is,original,default,,,results/0-bullet-is/model-Qwen--Qwen3-32B/Qwen--Qwen3-32B_task-ACSIncome/Qwen--Qwen3-32B_bench-500294340/results.bench-500294340.json,results/0-bullet-is/model-Qwen--Qwen3-32B/Qwen--Qwen3-32B_task-ACSIncome/Qwen--Qwen3-32B_bench-500294340/ACSIncome_subsampled-0.05_seed-42_hash-2263364311.test_predictions.csv,1,1,264,mcq,results/0-bullet-is/model-Qwen--Qwen3-32B/Qwen--Qwen3-32B_task-ACSIncome/Qwen--Qwen3-32B_bench-500294340/ACSIncome_subsampled-0.05_seed-42_hash-2263364311.test_responses.csv
ACSIncome,Qwen/Qwen3-32B,0,1,1,0.52,balanced_accuracy,0.7575393487925027,0.7594650886428516,706584404,0,bullet,is,original,default,,,results/0-bullet-is/model-Qwen--Qwen3-32B/Qwen--Qwen3-32B_task-ACSIncome/Qwen--Qwen3-32B_bench-706584404/results.bench-706584404.json,results/0-bullet-is/model-Qwen--Qwen3-32B/Qwen--Qwen3-32B_task-ACSIncome/Qwen--Qwen3-32B_bench-3222226201/ACSIncome_subsampled-0.05_seed-42_hash-337940531.test_predictions.csv,1,0,42,numeric,results/0-bullet-is/model-Qwen--Qwen3-32B/Qwen--Qwen3-32B_task-ACSIncome/Qwen--Qwen3-32B_bench-3222226201/ACSIncome_subsampled-0.05_seed-42_hash-337940531.test_responses.csv
ACSIncome,Qwen/Qwen3-4B,0,1,1,0.4,balanced_accuracy,0.7357923825543674,0.7407174197616169,1036232665,0,bullet,is,original,default,,,results/0-bullet-is/model-Qwen--Qwen3-4B/Qwen--Qwen3-4B_task-ACSIncome/Qwen--Qwen3-4B_bench-1036232665/results.bench-1036232665.json,results/0-bullet-is/model-Qwen--Qwen3-4B/Qwen--Qwen3-4B_task-ACSIncome/Qwen--Qwen3-4B_bench-2736562435/ACSIncome_subsampled-0.05_seed-42_hash-337940531.test_predictions.csv,1,1,42,numeric,results/0-bullet-is/model-Qwen--Qwen3-4B/Qwen--Qwen3-4B_task-ACSIncome/Qwen--Qwen3-4B_bench-2736562435/ACSIncome_subsampled-0.05_seed-42_hash-337940531.test_responses.csv
ACSIncome,Qwen/Qwen3-4B,0,1,1,0.45,balanced_accuracy,0.7439625135167608,0.7423781280534701,1277086736,0,bullet,is,original,default,,,results/0-bullet-is/model-Qwen--Qwen3-4B/Qwen--Qwen3-4B_task-ACSIncome/Qwen--Qwen3-4B_bench-1277086736/results.bench-1277086736.json,results/0-bullet-is/model-Qwen--Qwen3-4B/Qwen--Qwen3-4B_task-ACSIncome/Qwen--Qwen3-4B_bench-2214590657/ACSIncome_subsampled-0.05_seed-42_hash-337940531.test_predictions.csv,1,1,179,numeric,results/0-bullet-is/model-Qwen--Qwen3-4B/Qwen--Qwen3-4B_task-ACSIncome/Qwen--Qwen3-4B_bench-2214590657/ACSIncome_subsampled-0.05_seed-42_hash-337940531.test_responses.csv
ACSIncome,Qwen/Qwen3-4B,0,1,1,0.45,balanced_accuracy,0.7403580439745284,0.730938508725942,1598457049,0,bullet,is,original,default,,,results/0-bullet-is/model-Qwen--Qwen3-4B/Qwen--Qwen3-4B_task-ACSIncome/Qwen--Qwen3-4B_bench-1598457049/results.bench-1598457049.json,results/0-bullet-is/model-Qwen--Qwen3-4B/Qwen--Qwen3-4B_task-ACSIncome/Qwen--Qwen3-4B_bench-297450837/ACSIncome_subsampled-0.05_seed-42_hash-337940531.test_predictions.csv,1,0,264,numeric,results/0-bullet-is/model-Qwen--Qwen3-4B/Qwen--Qwen3-4B_task-ACSIncome/Qwen--Qwen3-4B_bench-297450837/ACSIncome_subsampled-0.05_seed-42_hash-337940531.test_responses.csv
ACSIncome,Qwen/Qwen3-4B,0,1,1,0.5,balanced_accuracy,0.7414393848371982,0.7483605967962621,1963292131,0,bullet,is,original,default,,,results/0-bullet-is/model-Qwen--Qwen3-4B/Qwen--Qwen3-4B_task-ACSIncome/Qwen--Qwen3-4B_bench-1963292131/results.bench-1963292131.json,results/0-bullet-is/model-Qwen--Qwen3-4B/Qwen--Qwen3-4B_task-ACSIncome/Qwen--Qwen3-4B_bench-1963292131/ACSIncome_subsampled-0.05_seed-42_hash-2263364311.test_predictions.csv,1,1,179,mcq,results/0-bullet-is/model-Qwen--Qwen3-4B/Qwen--Qwen3-4B_task-ACSIncome/Qwen--Qwen3-4B_bench-1963292131/ACSIncome_subsampled-0.05_seed-42_hash-2263364311.test_responses.csv
ACSIncome,Qwen/Qwen3-4B,0,1,1,0.5,balanced_accuracy,0.7461251952421002,0.7429747327253369,2023067971,0,bullet,is,original,default,,,results/0-bullet-is/model-Qwen--Qwen3-4B/Qwen--Qwen3-4B_task-ACSIncome/Qwen--Qwen3-4B_bench-2023067971/results.bench-2023067971.json,results/0-bullet-is/model-Qwen--Qwen3-4B/Qwen--Qwen3-4B_task-ACSIncome/Qwen--Qwen3-4B_bench-2023067971/ACSIncome_subsampled-0.05_seed-42_hash-337940531.test_predictions.csv,1,1,478,numeric,results/0-bullet-is/model-Qwen--Qwen3-4B/Qwen--Qwen3-4B_task-ACSIncome/Qwen--Qwen3-4B_bench-2023067971/ACSIncome_subsampled-0.05_seed-42_hash-337940531.test_responses.csv
ACSIncome,Qwen/Qwen3-4B,0,1,1,0.5,balanced_accuracy,0.7481677279826986,0.7482601363077765,2180057866,0,bullet,is,original,default,,,results/0-bullet-is/model-Qwen--Qwen3-4B/Qwen--Qwen3-4B_task-ACSIncome/Qwen--Qwen3-4B_bench-2180057866/results.bench-2180057866.json,results/0-bullet-is/model-Qwen--Qwen3-4B/Qwen--Qwen3-4B_task-ACSIncome/Qwen--Qwen3-4B_bench-2180057866/ACSIncome_subsampled-0.05_seed-42_hash-2263364311.test_predictions.csv,1,0,478,mcq,results/0-bullet-is/model-Qwen--Qwen3-4B/Qwen--Qwen3-4B_task-ACSIncome/Qwen--Qwen3-4B_bench-2180057866/ACSIncome_subsampled-0.05_seed-42_hash-2263364311.test_responses.csv
ACSIncome,Qwen/Qwen3-4B,0,1,1,0.35,balanced_accuracy,0.7362729784933317,0.7442162128672531,2397438187,0,bullet,is,original,default,,,results/0-bullet-is/model-Qwen--Qwen3-4B/Qwen--Qwen3-4B_task-ACSIncome/Qwen--Qwen3-4B_bench-2397438187/results.bench-2397438187.json,results/0-bullet-is/model-Qwen--Qwen3-4B/Qwen--Qwen3-4B_task-ACSIncome/Qwen--Qwen3-4B_bench-1086989940/ACSIncome_subsampled-0.05_seed-42_hash-337940531.test_predictions.csv,1,1,264,numeric,results/0-bullet-is/model-Qwen--Qwen3-4B/Qwen--Qwen3-4B_task-ACSIncome/Qwen--Qwen3-4B_bench-1086989940/ACSIncome_subsampled-0.05_seed-42_hash-337940531.test_responses.csv
ACSIncome,Qwen/Qwen3-4B,0,1,1,0.45,balanced_accuracy,0.7468460891505467,0.7451378678688916,2413900000,0,bullet,is,original,default,,,results/0-bullet-is/model-Qwen--Qwen3-4B/Qwen--Qwen3-4B_task-ACSIncome/Qwen--Qwen3-4B_bench-2413900000/results.bench-2413900000.json,results/0-bullet-is/model-Qwen--Qwen3-4B/Qwen--Qwen3-4B_task-ACSIncome/Qwen--Qwen3-4B_bench-693078878/ACSIncome_subsampled-0.05_seed-42_hash-337940531.test_predictions.csv,1,1,562,numeric,results/0-bullet-is/model-Qwen--Qwen3-4B/Qwen--Qwen3-4B_task-ACSIncome/Qwen--Qwen3-4B_bench-693078878/ACSIncome_subsampled-0.05_seed-42_hash-337940531.test_responses.csv
ACSIncome,Qwen/Qwen3-4B,0,1,1,0.5,balanced_accuracy,0.7405983419440105,0.7474892342435033,2677199229,0,bullet,is,original,default,,,results/0-bullet-is/model-Qwen--Qwen3-4B/Qwen--Qwen3-4B_task-ACSIncome/Qwen--Qwen3-4B_bench-2677199229/results.bench-2677199229.json,results/0-bullet-is/model-Qwen--Qwen3-4B/Qwen--Qwen3-4B_task-ACSIncome/Qwen--Qwen3-4B_bench-2677199229/ACSIncome_subsampled-0.05_seed-42_hash-2263364311.test_predictions.csv,1,1,562,mcq,results/0-bullet-is/model-Qwen--Qwen3-4B/Qwen--Qwen3-4B_task-ACSIncome/Qwen--Qwen3-4B_bench-2677199229/ACSIncome_subsampled-0.05_seed-42_hash-2263364311.test_responses.csv
ACSIncome,Qwen/Qwen3-4B,0,1,1,0.4,balanced_accuracy,0.73050582722576,0.7312094099193505,2700887086,0,bullet,is,original,default,,,results/0-bullet-is/model-Qwen--Qwen3-4B/Qwen--Qwen3-4B_task-ACSIncome/Qwen--Qwen3-4B_bench-2700887086/results.bench-2700887086.json,results/0-bullet-is/model-Qwen--Qwen3-4B/Qwen--Qwen3-4B_task-ACSIncome/Qwen--Qwen3-4B_bench-2064758698/ACSIncome_subsampled-0.05_seed-42_hash-337940531.test_predictions.csv,1,0,478,numeric,results/0-bullet-is/model-Qwen--Qwen3-4B/Qwen--Qwen3-4B_task-ACSIncome/Qwen--Qwen3-4B_bench-2064758698/ACSIncome_subsampled-0.05_seed-42_hash-337940531.test_responses.csv
ACSIncome,Qwen/Qwen3-4B,0,1,1,0.55,balanced_accuracy,0.742881172654091,0.726827870812415,2854936997,0,bullet,is,original,default,,,results/0-bullet-is/model-Qwen--Qwen3-4B/Qwen--Qwen3-4B_task-ACSIncome/Qwen--Qwen3-4B_bench-2854936997/results.bench-2854936997.json,results/0-bullet-is/model-Qwen--Qwen3-4B/Qwen--Qwen3-4B_task-ACSIncome/Qwen--Qwen3-4B_bench-2466434618/ACSIncome_subsampled-0.05_seed-42_hash-337940531.test_predictions.csv,1,0,179,numeric,results/0-bullet-is/model-Qwen--Qwen3-4B/Qwen--Qwen3-4B_task-ACSIncome/Qwen--Qwen3-4B_bench-2466434618/ACSIncome_subsampled-0.05_seed-42_hash-337940531.test_responses.csv
ACSIncome,Qwen/Qwen3-4B,0,1,1,0.5,balanced_accuracy,0.7436020665625376,0.7462534458258574,2876899704,0,bullet,is,original,default,,,results/0-bullet-is/model-Qwen--Qwen3-4B/Qwen--Qwen3-4B_task-ACSIncome/Qwen--Qwen3-4B_bench-2876899704/results.bench-2876899704.json,results/0-bullet-is/model-Qwen--Qwen3-4B/Qwen--Qwen3-4B_task-ACSIncome/Qwen--Qwen3-4B_bench-2876899704/ACSIncome_subsampled-0.05_seed-42_hash-2263364311.test_predictions.csv,1,0,42,mcq,results/0-bullet-is/model-Qwen--Qwen3-4B/Qwen--Qwen3-4B_task-ACSIncome/Qwen--Qwen3-4B_bench-2876899704/ACSIncome_subsampled-0.05_seed-42_hash-2263364311.test_responses.csv
ACSIncome,Qwen/Qwen3-4B,0,1,1,0.5,balanced_accuracy,0.7405983419440105,0.7473505801080021,2956807587,0,bullet,is,original,default,,,results/0-bullet-is/model-Qwen--Qwen3-4B/Qwen--Qwen3-4B_task-ACSIncome/Qwen--Qwen3-4B_bench-2956807587/results.bench-2956807587.json,results/0-bullet-is/model-Qwen--Qwen3-4B/Qwen--Qwen3-4B_task-ACSIncome/Qwen--Qwen3-4B_bench-2956807587/ACSIncome_subsampled-0.05_seed-42_hash-2263364311.test_predictions.csv,1,1,478,mcq,results/0-bullet-is/model-Qwen--Qwen3-4B/Qwen--Qwen3-4B_task-ACSIncome/Qwen--Qwen3-4B_bench-2956807587/ACSIncome_subsampled-0.05_seed-42_hash-2263364311.test_responses.csv
ACSIncome,Qwen/Qwen3-4B,0,1,1,0.6,balanced_accuracy,0.7439625135167608,0.7268488648773461,3057877882,0,bullet,is,original,default,,,results/0-bullet-is/model-Qwen--Qwen3-4B/Qwen--Qwen3-4B_task-ACSIncome/Qwen--Qwen3-4B_bench-3057877882/results.bench-3057877882.json,results/0-bullet-is/model-Qwen--Qwen3-4B/Qwen--Qwen3-4B_task-ACSIncome/Qwen--Qwen3-4B_bench-1523349341/ACSIncome_subsampled-0.05_seed-42_hash-337940531.test_predictions.csv,1,0,562,numeric,results/0-bullet-is/model-Qwen--Qwen3-4B/Qwen--Qwen3-4B_task-ACSIncome/Qwen--Qwen3-4B_bench-1523349341/ACSIncome_subsampled-0.05_seed-42_hash-337940531.test_responses.csv
ACSIncome,Qwen/Qwen3-4B,0,1,1,0.5,balanced_accuracy,0.7415595338219392,0.7448503580374487,3301817799,0,bullet,is,original,default,,,results/0-bullet-is/model-Qwen--Qwen3-4B/Qwen--Qwen3-4B_task-ACSIncome/Qwen--Qwen3-4B_bench-3301817799/results.bench-3301817799.json,results/0-bullet-is/model-Qwen--Qwen3-4B/Qwen--Qwen3-4B_task-ACSIncome/Qwen--Qwen3-4B_bench-3301817799/ACSIncome_subsampled-0.05_seed-42_hash-2263364311.test_predictions.csv,1,0,562,mcq,results/0-bullet-is/model-Qwen--Qwen3-4B/Qwen--Qwen3-4B_task-ACSIncome/Qwen--Qwen3-4B_bench-3301817799/ACSIncome_subsampled-0.05_seed-42_hash-2263364311.test_responses.csv
ACSIncome,Qwen/Qwen3-4B,0,1,1,0.5,balanced_accuracy,0.7455244503183948,0.749849558085819,3471377640,0,bullet,is,original,default,,,results/0-bullet-is/model-Qwen--Qwen3-4B/Qwen--Qwen3-4B_task-ACSIncome/Qwen--Qwen3-4B_bench-3471377640/results.bench-3471377640.json,results/0-bullet-is/model-Qwen--Qwen3-4B/Qwen--Qwen3-4B_task-ACSIncome/Qwen--Qwen3-4B_bench-3471377640/ACSIncome_subsampled-0.05_seed-42_hash-2263364311.test_predictions.csv,1,0,264,mcq,results/0-bullet-is/model-Qwen--Qwen3-4B/Qwen--Qwen3-4B_task-ACSIncome/Qwen--Qwen3-4B_bench-3471377640/ACSIncome_subsampled-0.05_seed-42_hash-2263364311.test_responses.csv
ACSIncome,Qwen/Qwen3-4B,0,1,1,0.45,balanced_accuracy,0.7362412881518866,0.7265846446741959,4118533517,0,bullet,is,original,default,,,results/0-bullet-is/model-Qwen--Qwen3-4B/Qwen--Qwen3-4B_task-ACSIncome/Qwen--Qwen3-4B_bench-4118533517/results.bench-4118533517.json,results/0-bullet-is/model-Qwen--Qwen3-4B/Qwen--Qwen3-4B_task-ACSIncome/Qwen--Qwen3-4B_bench-16783649/ACSIncome_subsampled-0.05_seed-42_hash-337940531.test_predictions.csv,1,0,42,numeric,results/0-bullet-is/model-Qwen--Qwen3-4B/Qwen--Qwen3-4B_task-ACSIncome/Qwen--Qwen3-4B_bench-16783649/ACSIncome_subsampled-0.05_seed-42_hash-337940531.test_responses.csv
ACSIncome,Qwen/Qwen3-4B,0,1,1,0.5,balanced_accuracy,0.7384356602186711,0.7450901258101221,485109125,0,bullet,is,original,default,,,results/0-bullet-is/model-Qwen--Qwen3-4B/Qwen--Qwen3-4B_task-ACSIncome/Qwen--Qwen3-4B_bench-485109125/results.bench-485109125.json,results/0-bullet-is/model-Qwen--Qwen3-4B/Qwen--Qwen3-4B_task-ACSIncome/Qwen--Qwen3-4B_bench-485109125/ACSIncome_subsampled-0.05_seed-42_hash-2263364311.test_predictions.csv,1,1,42,mcq,results/0-bullet-is/model-Qwen--Qwen3-4B/Qwen--Qwen3-4B_task-ACSIncome/Qwen--Qwen3-4B_bench-485109125/ACSIncome_subsampled-0.05_seed-42_hash-2263364311.test_responses.csv
ACSIncome,Qwen/Qwen3-4B,0,1,1,0.5,balanced_accuracy,0.7393968520965998,0.7469575090078535,842875346,0,bullet,is,original,default,,,results/0-bullet-is/model-Qwen--Qwen3-4B/Qwen--Qwen3-4B_task-ACSIncome/Qwen--Qwen3-4B_bench-842875346/results.bench-842875346.json,results/0-bullet-is/model-Qwen--Qwen3-4B/Qwen--Qwen3-4B_task-ACSIncome/Qwen--Qwen3-4B_bench-842875346/ACSIncome_subsampled-0.05_seed-42_hash-2263364311.test_predictions.csv,1,1,264,mcq,results/0-bullet-is/model-Qwen--Qwen3-4B/Qwen--Qwen3-4B_task-ACSIncome/Qwen--Qwen3-4B_bench-842875346/ACSIncome_subsampled-0.05_seed-42_hash-2263364311.test_responses.csv
ACSIncome,Qwen/Qwen3-4B,0,1,1,0.5,balanced_accuracy,0.7506908566622612,0.7516368217113093,910379123,0,bullet,is,original,default,,,results/0-bullet-is/model-Qwen--Qwen3-4B/Qwen--Qwen3-4B_task-ACSIncome/Qwen--Qwen3-4B_bench-910379123/results.bench-910379123.json,results/0-bullet-is/model-Qwen--Qwen3-4B/Qwen--Qwen3-4B_task-ACSIncome/Qwen--Qwen3-4B_bench-910379123/ACSIncome_subsampled-0.05_seed-42_hash-2263364311.test_predictions.csv,1,0,179,mcq,results/0-bullet-is/model-Qwen--Qwen3-4B/Qwen--Qwen3-4B_task-ACSIncome/Qwen--Qwen3-4B_bench-910379123/ACSIncome_subsampled-0.05_seed-42_hash-2263364311.test_responses.csv
ACSIncome,Qwen/Qwen3.5-27B,0,1,1,0.65,balanced_accuracy,0.7754415475189235,0.778646510456724,117789890,0,bullet,is,original,default,,,results/0-bullet-is/model-Qwen--Qwen3.5-27B/Qwen--Qwen3.5-27B_task-ACSIncome/Qwen--Qwen3.5-27B_bench-117789890/results.bench-117789890.json,results/0-bullet-is/model-Qwen--Qwen3.5-27B/Qwen--Qwen3.5-27B_task-ACSIncome/Qwen--Qwen3.5-27B_bench-3340821812/ACSIncome_subsampled-0.05_seed-42_hash-337940531.test_predictions.csv,1,0,179,numeric,results/0-bullet-is/model-Qwen--Qwen3.5-27B/Qwen--Qwen3.5-27B_task-ACSIncome/Qwen--Qwen3.5-27B_bench-3340821812/ACSIncome_subsampled-0.05_seed-42_hash-337940531.test_responses.csv
ACSIncome,Qwen/Qwen3.5-27B,0,1,1,1.0,balanced_accuracy,0.7688333533581642,0.7714237434601154,1278417479,0,bullet,is,original,default,,,results/0-bullet-is/model-Qwen--Qwen3.5-27B/Qwen--Qwen3.5-27B_task-ACSIncome/Qwen--Qwen3.5-27B_bench-1278417479/results.bench-1278417479.json,results/0-bullet-is/model-Qwen--Qwen3.5-27B/Qwen--Qwen3.5-27B_task-ACSIncome/Qwen--Qwen3.5-27B_bench-4042888929/ACSIncome_subsampled-0.05_seed-42_hash-2263364311.test_predictions.csv,1,0,562,mcq,results/0-bullet-is/model-Qwen--Qwen3.5-27B/Qwen--Qwen3.5-27B_task-ACSIncome/Qwen--Qwen3.5-27B_bench-4042888929/ACSIncome_subsampled-0.05_seed-42_hash-2263364311.test_responses.csv
ACSIncome,Qwen/Qwen3.5-27B,0,1,1,0.6,balanced_accuracy,0.765589330770155,0.7750350958561012,1317910177,0,bullet,is,original,default,,,results/0-bullet-is/model-Qwen--Qwen3.5-27B/Qwen--Qwen3.5-27B_task-ACSIncome/Qwen--Qwen3.5-27B_bench-1317910177/results.bench-1317910177.json,results/0-bullet-is/model-Qwen--Qwen3.5-27B/Qwen--Qwen3.5-27B_task-ACSIncome/Qwen--Qwen3.5-27B_bench-4219000372/ACSIncome_subsampled-0.05_seed-42_hash-337940531.test_predictions.csv,1,0,42,numeric,results/0-bullet-is/model-Qwen--Qwen3.5-27B/Qwen--Qwen3.5-27B_task-ACSIncome/Qwen--Qwen3.5-27B_bench-4219000372/ACSIncome_subsampled-0.05_seed-42_hash-337940531.test_responses.csv
ACSIncome,Qwen/Qwen3.5-27B,0,1,1,0.68,balanced_accuracy,0.7843975094616042,0.783442030324305,1522068550,0,bullet,is,original,default,,,results/0-bullet-is/model-Qwen--Qwen3.5-27B/Qwen--Qwen3.5-27B_task-ACSIncome/Qwen--Qwen3.5-27B_bench-1522068550/results.bench-1522068550.json,results/0-bullet-is/model-Qwen--Qwen3.5-27B/Qwen--Qwen3.5-27B_task-ACSIncome/Qwen--Qwen3.5-27B_bench-3467146125/ACSIncome_subsampled-0.05_seed-42_hash-337940531.test_predictions.csv,1,1,179,numeric,results/0-bullet-is/model-Qwen--Qwen3.5-27B/Qwen--Qwen3.5-27B_task-ACSIncome/Qwen--Qwen3.5-27B_bench-3467146125/ACSIncome_subsampled-0.05_seed-42_hash-337940531.test_responses.csv
ACSIncome,Qwen/Qwen3.5-27B,0,1,1,1.0,balanced_accuracy,0.7720773759461732,0.7755770226521917,1893123788,0,bullet,is,original,default,,,results/0-bullet-is/model-Qwen--Qwen3.5-27B/Qwen--Qwen3.5-27B_task-ACSIncome/Qwen--Qwen3.5-27B_bench-1893123788/results.bench-1893123788.json,results/0-bullet-is/model-Qwen--Qwen3.5-27B/Qwen--Qwen3.5-27B_task-ACSIncome/Qwen--Qwen3.5-27B_bench-445049113/ACSIncome_subsampled-0.05_seed-42_hash-2263364311.test_predictions.csv,1,0,179,mcq,results/0-bullet-is/model-Qwen--Qwen3.5-27B/Qwen--Qwen3.5-27B_task-ACSIncome/Qwen--Qwen3.5-27B_bench-445049113/ACSIncome_subsampled-0.05_seed-42_hash-2263364311.test_responses.csv
ACSIncome,Qwen/Qwen3.5-27B,0,1,1,1.0,balanced_accuracy,0.774720653610477,0.7741955820774009,2195853610,0,bullet,is,original,default,,,results/0-bullet-is/model-Qwen--Qwen3.5-27B/Qwen--Qwen3.5-27B_task-ACSIncome/Qwen--Qwen3.5-27B_bench-2195853610/results.bench-2195853610.json,results/0-bullet-is/model-Qwen--Qwen3.5-27B/Qwen--Qwen3.5-27B_task-ACSIncome/Qwen--Qwen3.5-27B_bench-1545595280/ACSIncome_subsampled-0.05_seed-42_hash-2263364311.test_predictions.csv,1,0,42,mcq,results/0-bullet-is/model-Qwen--Qwen3.5-27B/Qwen--Qwen3.5-27B_task-ACSIncome/Qwen--Qwen3.5-27B_bench-1545595280/ACSIncome_subsampled-0.05_seed-42_hash-2263364311.test_responses.csv
ACSIncome,Qwen/Qwen3.5-27B,0,1,1,0.62,balanced_accuracy,0.7735191637630662,0.7790713681262944,2315534501,0,bullet,is,original,default,,,results/0-bullet-is/model-Qwen--Qwen3.5-27B/Qwen--Qwen3.5-27B_task-ACSIncome/Qwen--Qwen3.5-27B_bench-2315534501/results.bench-2315534501.json,results/0-bullet-is/model-Qwen--Qwen3.5-27B/Qwen--Qwen3.5-27B_task-ACSIncome/Qwen--Qwen3.5-27B_bench-1801019354/ACSIncome_subsampled-0.05_seed-42_hash-337940531.test_predictions.csv,1,0,478,numeric,results/0-bullet-is/model-Qwen--Qwen3.5-27B/Qwen--Qwen3.5-27B_task-ACSIncome/Qwen--Qwen3.5-27B_bench-1801019354/ACSIncome_subsampled-0.05_seed-42_hash-337940531.test_responses.csv
ACSIncome,Qwen/Qwen3.5-27B,0,1,1,0.62,balanced_accuracy,0.7653490328006728,0.7758854643439289,2428866997,0,bullet,is,original,default,,,results/0-bullet-is/model-Qwen--Qwen3.5-27B/Qwen--Qwen3.5-27B_task-ACSIncome/Qwen--Qwen3.5-27B_bench-2428866997/results.bench-2428866997.json,results/0-bullet-is/model-Qwen--Qwen3.5-27B/Qwen--Qwen3.5-27B_task-ACSIncome/Qwen--Qwen3.5-27B_bench-308306666/ACSIncome_subsampled-0.05_seed-42_hash-337940531.test_predictions.csv,1,0,562,numeric,results/0-bullet-is/model-Qwen--Qwen3.5-27B/Qwen--Qwen3.5-27B_task-ACSIncome/Qwen--Qwen3.5-27B_bench-308306666/ACSIncome_subsampled-0.05_seed-42_hash-337940531.test_responses.csv
ACSIncome,Qwen/Qwen3.5-27B,0,1,1,1.0,balanced_accuracy,0.7760422924426289,0.7778724670582904,274025409,0,bullet,is,original,default,,,results/0-bullet-is/model-Qwen--Qwen3.5-27B/Qwen--Qwen3.5-27B_task-ACSIncome/Qwen--Qwen3.5-27B_bench-274025409/results.bench-274025409.json,results/0-bullet-is/model-Qwen--Qwen3.5-27B/Qwen--Qwen3.5-27B_task-ACSIncome/Qwen--Qwen3.5-27B_bench-453702814/ACSIncome_subsampled-0.05_seed-42_hash-2263364311.test_predictions.csv,1,0,264,mcq,results/0-bullet-is/model-Qwen--Qwen3.5-27B/Qwen--Qwen3.5-27B_task-ACSIncome/Qwen--Qwen3.5-27B_bench-453702814/ACSIncome_subsampled-0.05_seed-42_hash-2263364311.test_responses.csv
ACSIncome,Qwen/Qwen3.5-27B,0,1,1,0.63,balanced_accuracy,0.7753265960069017,0.7816572562374481,2805387457,0,bullet,is,original,default,,,results/0-bullet-is/model-Qwen--Qwen3.5-27B/Qwen--Qwen3.5-27B_task-ACSIncome/Qwen--Qwen3.5-27B_bench-2805387457/results.bench-2805387457.json,results/0-bullet-is/model-Qwen--Qwen3.5-27B/Qwen--Qwen3.5-27B_task-ACSIncome/Qwen--Qwen3.5-27B_bench-1944500553/ACSIncome_subsampled-0.05_seed-42_hash-337940531.test_predictions.csv,1,1,478,numeric,results/0-bullet-is/model-Qwen--Qwen3.5-27B/Qwen--Qwen3.5-27B_task-ACSIncome/Qwen--Qwen3.5-27B_bench-1944500553/ACSIncome_subsampled-0.05_seed-42_hash-337940531.test_responses.csv
ACSIncome,Qwen/Qwen3.5-27B,0,1,1,0.6,balanced_accuracy,0.7682326084344587,0.7758721214493283,3353670587,0,bullet,is,original,default,,,results/0-bullet-is/model-Qwen--Qwen3.5-27B/Qwen--Qwen3.5-27B_task-ACSIncome/Qwen--Qwen3.5-27B_bench-3353670587/results.bench-3353670587.json,results/0-bullet-is/model-Qwen--Qwen3.5-27B/Qwen--Qwen3.5-27B_task-ACSIncome/Qwen--Qwen3.5-27B_bench-1291992448/ACSIncome_subsampled-0.05_seed-42_hash-337940531.test_predictions.csv,1,0,264,numeric,results/0-bullet-is/model-Qwen--Qwen3.5-27B/Qwen--Qwen3.5-27B_task-ACSIncome/Qwen--Qwen3.5-27B_bench-1291992448/ACSIncome_subsampled-0.05_seed-42_hash-337940531.test_responses.csv
ACSIncome,Qwen/Qwen3.5-27B,0,1,1,0.68,balanced_accuracy,0.7764934906922983,0.7775164187362593,3437633398,0,bullet,is,original,default,,,results/0-bullet-is/model-Qwen--Qwen3.5-27B/Qwen--Qwen3.5-27B_task-ACSIncome/Qwen--Qwen3.5-27B_bench-3437633398/results.bench-3437633398.json,results/0-bullet-is/model-Qwen--Qwen3.5-27B/Qwen--Qwen3.5-27B_task-ACSIncome/Qwen--Qwen3.5-27B_bench-636163744/ACSIncome_subsampled-0.05_seed-42_hash-337940531.test_predictions.csv,1,1,562,numeric,results/0-bullet-is/model-Qwen--Qwen3.5-27B/Qwen--Qwen3.5-27B_task-ACSIncome/Qwen--Qwen3.5-27B_bench-636163744/ACSIncome_subsampled-0.05_seed-42_hash-337940531.test_responses.csv
ACSIncome,Qwen/Qwen3.5-27B,0,1,1,0.65,balanced_accuracy,0.7755803955288049,0.784248647714481,3597211826,0,bullet,is,original,default,,,results/0-bullet-is/model-Qwen--Qwen3.5-27B/Qwen--Qwen3.5-27B_task-ACSIncome/Qwen--Qwen3.5-27B_bench-3597211826/results.bench-3597211826.json,results/0-bullet-is/model-Qwen--Qwen3.5-27B/Qwen--Qwen3.5-27B_task-ACSIncome/Qwen--Qwen3.5-27B_bench-2979271746/ACSIncome_subsampled-0.05_seed-42_hash-337940531.test_predictions.csv,1,1,42,numeric,results/0-bullet-is/model-Qwen--Qwen3.5-27B/Qwen--Qwen3.5-27B_task-ACSIncome/Qwen--Qwen3.5-27B_bench-2979271746/ACSIncome_subsampled-0.05_seed-42_hash-337940531.test_responses.csv
ACSIncome,Qwen/Qwen3.5-27B,0,1,1,1.0,balanced_accuracy,0.771596780007209,0.7736727521048183,3755805931,0,bullet,is,original,default,,,results/0-bullet-is/model-Qwen--Qwen3.5-27B/Qwen--Qwen3.5-27B_task-ACSIncome/Qwen--Qwen3.5-27B_bench-3755805931/results.bench-3755805931.json,results/0-bullet-is/model-Qwen--Qwen3.5-27B/Qwen--Qwen3.5-27B_task-ACSIncome/Qwen--Qwen3.5-27B_bench-3069887112/ACSIncome_subsampled-0.05_seed-42_hash-2263364311.test_predictions.csv,1,0,478,mcq,results/0-bullet-is/model-Qwen--Qwen3.5-27B/Qwen--Qwen3.5-27B_task-ACSIncome/Qwen--Qwen3.5-27B_bench-3069887112/ACSIncome_subsampled-0.05_seed-42_hash-2263364311.test_responses.csv
ACSIncome,Qwen/Qwen3.5-27B,0,1,1,0.68,balanced_accuracy,0.7794171892290668,0.7768884914631329,4278228945,0,bullet,is,original,default,,,results/0-bullet-is/model-Qwen--Qwen3.5-27B/Qwen--Qwen3.5-27B_task-ACSIncome/Qwen--Qwen3.5-27B_bench-4278228945/results.bench-4278228945.json,results/0-bullet-is/model-Qwen--Qwen3.5-27B/Qwen--Qwen3.5-27B_task-ACSIncome/Qwen--Qwen3.5-27B_bench-748488821/ACSIncome_subsampled-0.05_seed-42_hash-337940531.test_predictions.csv,1,1,264,numeric,results/0-bullet-is/model-Qwen--Qwen3.5-27B/Qwen--Qwen3.5-27B_task-ACSIncome/Qwen--Qwen3.5-27B_bench-748488821/ACSIncome_subsampled-0.05_seed-42_hash-337940531.test_responses.csv
ACSIncome,Qwen/Qwen3.5-4B,0,1,1,0.5,balanced_accuracy,0.7366017784186494,0.7527906090521793,1006005280,0,bullet,is,original,default,,,results/0-bullet-is/model-Qwen--Qwen3.5-4B/Qwen--Qwen3.5-4B_task-ACSIncome/Qwen--Qwen3.5-4B_bench-1006005280/results.bench-1006005280.json,results/0-bullet-is/model-Qwen--Qwen3.5-4B/Qwen--Qwen3.5-4B_task-ACSIncome/Qwen--Qwen3.5-4B_bench-1006005280/ACSIncome_subsampled-0.05_seed-42_hash-2263364311.test_predictions.csv,1,1,478,mcq,results/0-bullet-is/model-Qwen--Qwen3.5-4B/Qwen--Qwen3.5-4B_task-ACSIncome/Qwen--Qwen3.5-4B_bench-1006005280/ACSIncome_subsampled-0.05_seed-42_hash-2263364311.test_responses.csv
ACSIncome,Qwen/Qwen3.5-4B,0,1,1,0.6,balanced_accuracy,0.7332051436125465,0.7354009764962518,1222146041,0,bullet,is,original,default,,,results/0-bullet-is/model-Qwen--Qwen3.5-4B/Qwen--Qwen3.5-4B_task-ACSIncome/Qwen--Qwen3.5-4B_bench-1222146041/results.bench-1222146041.json,results/0-bullet-is/model-Qwen--Qwen3.5-4B/Qwen--Qwen3.5-4B_task-ACSIncome/Qwen--Qwen3.5-4B_bench-1684069370/ACSIncome_subsampled-0.05_seed-42_hash-337940531.test_predictions.csv,1,0,264,numeric,results/0-bullet-is/model-Qwen--Qwen3.5-4B/Qwen--Qwen3.5-4B_task-ACSIncome/Qwen--Qwen3.5-4B_bench-1684069370/ACSIncome_subsampled-0.05_seed-42_hash-337940531.test_responses.csv
ACSIncome,Qwen/Qwen3.5-4B,0,1,1,0.25,balanced_accuracy,0.7166886939805359,0.7383360396497332,1328314817,0,bullet,is,original,default,,,results/0-bullet-is/model-Qwen--Qwen3.5-4B/Qwen--Qwen3.5-4B_task-ACSIncome/Qwen--Qwen3.5-4B_bench-1328314817/results.bench-1328314817.json,results/0-bullet-is/model-Qwen--Qwen3.5-4B/Qwen--Qwen3.5-4B_task-ACSIncome/Qwen--Qwen3.5-4B_bench-1268675384/ACSIncome_subsampled-0.05_seed-42_hash-2263364311.test_predictions.csv,1,0,264,mcq,results/0-bullet-is/model-Qwen--Qwen3.5-4B/Qwen--Qwen3.5-4B_task-ACSIncome/Qwen--Qwen3.5-4B_bench-1268675384/ACSIncome_subsampled-0.05_seed-42_hash-2263364311.test_responses.csv
ACSIncome,Qwen/Qwen3.5-4B,0,1,1,1.0,balanced_accuracy,0.7649885858464496,0.7567441956231324,1366474490,0,bullet,is,original,default,,,results/0-bullet-is/model-Qwen--Qwen3.5-4B/Qwen--Qwen3.5-4B_task-ACSIncome/Qwen--Qwen3.5-4B_bench-1366474490/results.bench-1366474490.json,results/0-bullet-is/model-Qwen--Qwen3.5-4B/Qwen--Qwen3.5-4B_task-ACSIncome/Qwen--Qwen3.5-4B_bench-2838522581/ACSIncome_subsampled-0.05_seed-42_hash-2263364311.test_predictions.csv,1,0,562,mcq,results/0-bullet-is/model-Qwen--Qwen3.5-4B/Qwen--Qwen3.5-4B_task-ACSIncome/Qwen--Qwen3.5-4B_bench-2838522581/ACSIncome_subsampled-0.05_seed-42_hash-2263364311.test_responses.csv
ACSIncome,Qwen/Qwen3.5-4B,0,1,1,0.54,balanced_accuracy,0.7260817307692308,0.7381030369625046,1528498397,0,bullet,is,original,default,,,results/0-bullet-is/model-Qwen--Qwen3.5-4B/Qwen--Qwen3.5-4B_task-ACSIncome/Qwen--Qwen3.5-4B_bench-1528498397/results.bench-1528498397.json,results/0-bullet-is/model-Qwen--Qwen3.5-4B/Qwen--Qwen3.5-4B_task-ACSIncome/Qwen--Qwen3.5-4B_bench-2604267371/ACSIncome_subsampled-0.05_seed-42_hash-337940531.test_predictions.csv,1,0,179,numeric,results/0-bullet-is/model-Qwen--Qwen3.5-4B/Qwen--Qwen3.5-4B_task-ACSIncome/Qwen--Qwen3.5-4B_bench-2604267371/ACSIncome_subsampled-0.05_seed-42_hash-337940531.test_responses.csv
ACSIncome,Qwen/Qwen3.5-4B,0,1,1,0.75,balanced_accuracy,0.7681124594497176,0.7562964466472073,1776539664,0,bullet,is,original,default,,,results/0-bullet-is/model-Qwen--Qwen3.5-4B/Qwen--Qwen3.5-4B_task-ACSIncome/Qwen--Qwen3.5-4B_bench-1776539664/results.bench-1776539664.json,results/0-bullet-is/model-Qwen--Qwen3.5-4B/Qwen--Qwen3.5-4B_task-ACSIncome/Qwen--Qwen3.5-4B_bench-858050986/ACSIncome_subsampled-0.05_seed-42_hash-2263364311.test_predictions.csv,1,1,562,mcq,results/0-bullet-is/model-Qwen--Qwen3.5-4B/Qwen--Qwen3.5-4B_task-ACSIncome/Qwen--Qwen3.5-4B_bench-858050986/ACSIncome_subsampled-0.05_seed-42_hash-2263364311.test_responses.csv
ACSIncome,Qwen/Qwen3.5-4B,0,1,1,0.5,balanced_accuracy,0.7106812447434819,0.7316564435419519,2033499932,0,bullet,is,original,default,,,results/0-bullet-is/model-Qwen--Qwen3.5-4B/Qwen--Qwen3.5-4B_task-ACSIncome/Qwen--Qwen3.5-4B_bench-2033499932/results.bench-2033499932.json,results/0-bullet-is/model-Qwen--Qwen3.5-4B/Qwen--Qwen3.5-4B_task-ACSIncome/Qwen--Qwen3.5-4B_bench-2033499932/ACSIncome_subsampled-0.05_seed-42_hash-2263364311.test_predictions.csv,1,0,179,mcq,results/0-bullet-is/model-Qwen--Qwen3.5-4B/Qwen--Qwen3.5-4B_task-ACSIncome/Qwen--Qwen3.5-4B_bench-2033499932/ACSIncome_subsampled-0.05_seed-42_hash-2263364311.test_responses.csv
ACSIncome,Qwen/Qwen3.5-4B,0,1,1,0.5,balanced_accuracy,0.7327886579358405,0.750757745783583,2034414608,0,bullet,is,original,default,,,results/0-bullet-is/model-Qwen--Qwen3.5-4B/Qwen--Qwen3.5-4B_task-ACSIncome/Qwen--Qwen3.5-4B_bench-2034414608/results.bench-2034414608.json,results/0-bullet-is/model-Qwen--Qwen3.5-4B/Qwen--Qwen3.5-4B_task-ACSIncome/Qwen--Qwen3.5-4B_bench-2034414608/ACSIncome_subsampled-0.05_seed-42_hash-2263364311.test_predictions.csv,1,1,264,mcq,results/0-bullet-is/model-Qwen--Qwen3.5-4B/Qwen--Qwen3.5-4B_task-ACSIncome/Qwen--Qwen3.5-4B_bench-2034414608/ACSIncome_subsampled-0.05_seed-42_hash-2263364311.test_responses.csv
ACSIncome,Qwen/Qwen3.5-4B,0,1,1,0.63,balanced_accuracy,0.7507917174177832,0.7485215639238592,2036410821,0,bullet,is,original,default,,,results/0-bullet-is/model-Qwen--Qwen3.5-4B/Qwen--Qwen3.5-4B_task-ACSIncome/Qwen--Qwen3.5-4B_bench-2036410821/results.bench-2036410821.json,results/0-bullet-is/model-Qwen--Qwen3.5-4B/Qwen--Qwen3.5-4B_task-ACSIncome/Qwen--Qwen3.5-4B_bench-51953205/ACSIncome_subsampled-0.05_seed-42_hash-337940531.test_predictions.csv,1,1,179,numeric,results/0-bullet-is/model-Qwen--Qwen3.5-4B/Qwen--Qwen3.5-4B_task-ACSIncome/Qwen--Qwen3.5-4B_bench-51953205/ACSIncome_subsampled-0.05_seed-42_hash-337940531.test_responses.csv
ACSIncome,Qwen/Qwen3.5-4B,0,1,1,0.75,balanced_accuracy,0.7611438183347351,0.7388756026696239,2667329199,0,bullet,is,original,default,,,results/0-bullet-is/model-Qwen--Qwen3.5-4B/Qwen--Qwen3.5-4B_task-ACSIncome/Qwen--Qwen3.5-4B_bench-2667329199/results.bench-2667329199.json,results/0-bullet-is/model-Qwen--Qwen3.5-4B/Qwen--Qwen3.5-4B_task-ACSIncome/Qwen--Qwen3.5-4B_bench-105629996/ACSIncome_subsampled-0.05_seed-42_hash-2263364311.test_predictions.csv,1,0,478,mcq,results/0-bullet-is/model-Qwen--Qwen3.5-4B/Qwen--Qwen3.5-4B_task-ACSIncome/Qwen--Qwen3.5-4B_bench-105629996/ACSIncome_subsampled-0.05_seed-42_hash-2263364311.test_responses.csv
ACSIncome,Qwen/Qwen3.5-4B,0,1,1,1.0,balanced_accuracy,0.7585005406704314,0.7531518778460176,2829314424,0,bullet,is,original,default,,,results/0-bullet-is/model-Qwen--Qwen3.5-4B/Qwen--Qwen3.5-4B_task-ACSIncome/Qwen--Qwen3.5-4B_bench-2829314424/results.bench-2829314424.json,results/0-bullet-is/model-Qwen--Qwen3.5-4B/Qwen--Qwen3.5-4B_task-ACSIncome/Qwen--Qwen3.5-4B_bench-1866745160/ACSIncome_subsampled-0.05_seed-42_hash-2263364311.test_predictions.csv,1,0,42,mcq,results/0-bullet-is/model-Qwen--Qwen3.5-4B/Qwen--Qwen3.5-4B_task-ACSIncome/Qwen--Qwen3.5-4B_bench-1866745160/ACSIncome_subsampled-0.05_seed-42_hash-2263364311.test_responses.csv
ACSIncome,Qwen/Qwen3.5-4B,0,1,1,0.6,balanced_accuracy,0.7369573148485954,0.7402594268376737,3050309246,0,bullet,is,original,default,,,results/0-bullet-is/model-Qwen--Qwen3.5-4B/Qwen--Qwen3.5-4B_task-ACSIncome/Qwen--Qwen3.5-4B_bench-3050309246/results.bench-3050309246.json,results/0-bullet-is/model-Qwen--Qwen3.5-4B/Qwen--Qwen3.5-4B_task-ACSIncome/Qwen--Qwen3.5-4B_bench-2565706636/ACSIncome_subsampled-0.05_seed-42_hash-337940531.test_predictions.csv,1,0,478,numeric,results/0-bullet-is/model-Qwen--Qwen3.5-4B/Qwen--Qwen3.5-4B_task-ACSIncome/Qwen--Qwen3.5-4B_bench-2565706636/ACSIncome_subsampled-0.05_seed-42_hash-337940531.test_responses.csv
ACSIncome,Qwen/Qwen3.5-4B,0,1,1,0.65,balanced_accuracy,0.7478175335054715,0.7471228699859341,3103541042,0,bullet,is,original,default,,,results/0-bullet-is/model-Qwen--Qwen3.5-4B/Qwen--Qwen3.5-4B_task-ACSIncome/Qwen--Qwen3.5-4B_bench-3103541042/results.bench-3103541042.json,results/0-bullet-is/model-Qwen--Qwen3.5-4B/Qwen--Qwen3.5-4B_task-ACSIncome/Qwen--Qwen3.5-4B_bench-1610688783/ACSIncome_subsampled-0.05_seed-42_hash-337940531.test_predictions.csv,1,1,478,numeric,results/0-bullet-is/model-Qwen--Qwen3.5-4B/Qwen--Qwen3.5-4B_task-ACSIncome/Qwen--Qwen3.5-4B_bench-1610688783/ACSIncome_subsampled-0.05_seed-42_hash-337940531.test_responses.csv
ACSIncome,Qwen/Qwen3.5-4B,0,1,1,0.56,balanced_accuracy,0.7292718096611391,0.7401470174221556,3403985419,0,bullet,is,original,default,,,results/0-bullet-is/model-Qwen--Qwen3.5-4B/Qwen--Qwen3.5-4B_task-ACSIncome/Qwen--Qwen3.5-4B_bench-3403985419/results.bench-3403985419.json,results/0-bullet-is/model-Qwen--Qwen3.5-4B/Qwen--Qwen3.5-4B_task-ACSIncome/Qwen--Qwen3.5-4B_bench-1863743359/ACSIncome_subsampled-0.05_seed-42_hash-337940531.test_predictions.csv,1,0,562,numeric,results/0-bullet-is/model-Qwen--Qwen3.5-4B/Qwen--Qwen3.5-4B_task-ACSIncome/Qwen--Qwen3.5-4B_bench-1863743359/ACSIncome_subsampled-0.05_seed-42_hash-337940531.test_responses.csv
ACSIncome,Qwen/Qwen3.5-4B,0,1,1,0.56,balanced_accuracy,0.7320690493557014,0.74883481336695,3532536416,0,bullet,is,original,default,,,results/0-bullet-is/model-Qwen--Qwen3.5-4B/Qwen--Qwen3.5-4B_task-ACSIncome/Qwen--Qwen3.5-4B_bench-3532536416/results.bench-3532536416.json,results/0-bullet-is/model-Qwen--Qwen3.5-4B/Qwen--Qwen3.5-4B_task-ACSIncome/Qwen--Qwen3.5-4B_bench-4140318844/ACSIncome_subsampled-0.05_seed-42_hash-337940531.test_predictions.csv,1,1,562,numeric,results/0-bullet-is/model-Qwen--Qwen3.5-4B/Qwen--Qwen3.5-4B_task-ACSIncome/Qwen--Qwen3.5-4B_bench-4140318844/ACSIncome_subsampled-0.05_seed-42_hash-337940531.test_responses.csv
ACSIncome,Qwen/Qwen3.5-4B,0,1,1,0.6,balanced_accuracy,0.7356504711785583,0.7491461310556788,3629673878,0,bullet,is,original,default,,,results/0-bullet-is/model-Qwen--Qwen3.5-4B/Qwen--Qwen3.5-4B_task-ACSIncome/Qwen--Qwen3.5-4B_bench-3629673878/results.bench-3629673878.json,results/0-bullet-is/model-Qwen--Qwen3.5-4B/Qwen--Qwen3.5-4B_task-ACSIncome/Qwen--Qwen3.5-4B_bench-3512925485/ACSIncome_subsampled-0.05_seed-42_hash-337940531.test_predictions.csv,1,1,264,numeric,results/0-bullet-is/model-Qwen--Qwen3.5-4B/Qwen--Qwen3.5-4B_task-ACSIncome/Qwen--Qwen3.5-4B_bench-3512925485/ACSIncome_subsampled-0.05_seed-42_hash-337940531.test_responses.csv
ACSIncome,Qwen/Qwen3.5-4B,0,1,1,1.0,balanced_accuracy,0.7652288838159318,0.7527047820187793,3709805330,0,bullet,is,original,default,,,results/0-bullet-is/model-Qwen--Qwen3.5-4B/Qwen--Qwen3.5-4B_task-ACSIncome/Qwen--Qwen3.5-4B_bench-3709805330/results.bench-3709805330.json,results/0-bullet-is/model-Qwen--Qwen3.5-4B/Qwen--Qwen3.5-4B_task-ACSIncome/Qwen--Qwen3.5-4B_bench-1953234605/ACSIncome_subsampled-0.05_seed-42_hash-2263364311.test_predictions.csv,1,1,42,mcq,results/0-bullet-is/model-Qwen--Qwen3.5-4B/Qwen--Qwen3.5-4B_task-ACSIncome/Qwen--Qwen3.5-4B_bench-1953234605/ACSIncome_subsampled-0.05_seed-42_hash-2263364311.test_responses.csv
ACSIncome,Qwen/Qwen3.5-4B,0,1,1,0.53,balanced_accuracy,0.6913921615773022,0.7262411743620483,4117628722,0,bullet,is,original,default,,,results/0-bullet-is/model-Qwen--Qwen3.5-4B/Qwen--Qwen3.5-4B_task-ACSIncome/Qwen--Qwen3.5-4B_bench-4117628722/results.bench-4117628722.json,results/0-bullet-is/model-Qwen--Qwen3.5-4B/Qwen--Qwen3.5-4B_task-ACSIncome/Qwen--Qwen3.5-4B_bench-4277620082/ACSIncome_subsampled-0.05_seed-42_hash-337940531.test_predictions.csv,1,0,42,numeric,results/0-bullet-is/model-Qwen--Qwen3.5-4B/Qwen--Qwen3.5-4B_task-ACSIncome/Qwen--Qwen3.5-4B_bench-4277620082/ACSIncome_subsampled-0.05_seed-42_hash-337940531.test_responses.csv
ACSIncome,Qwen/Qwen3.5-4B,0,1,1,0.75,balanced_accuracy,0.7630662020905923,0.7512762525339058,567419212,0,bullet,is,original,default,,,results/0-bullet-is/model-Qwen--Qwen3.5-4B/Qwen--Qwen3.5-4B_task-ACSIncome/Qwen--Qwen3.5-4B_bench-567419212/results.bench-567419212.json,results/0-bullet-is/model-Qwen--Qwen3.5-4B/Qwen--Qwen3.5-4B_task-ACSIncome/Qwen--Qwen3.5-4B_bench-1585318530/ACSIncome_subsampled-0.05_seed-42_hash-2263364311.test_predictions.csv,1,1,179,mcq,results/0-bullet-is/model-Qwen--Qwen3.5-4B/Qwen--Qwen3.5-4B_task-ACSIncome/Qwen--Qwen3.5-4B_bench-1585318530/ACSIncome_subsampled-0.05_seed-42_hash-2263364311.test_responses.csv
ACSIncome,Qwen/Qwen3.5-4B,0,1,1,0.57,balanced_accuracy,0.7404720924514384,0.7544241360044697,918936188,0,bullet,is,original,default,,,results/0-bullet-is/model-Qwen--Qwen3.5-4B/Qwen--Qwen3.5-4B_task-ACSIncome/Qwen--Qwen3.5-4B_bench-918936188/results.bench-918936188.json,results/0-bullet-is/model-Qwen--Qwen3.5-4B/Qwen--Qwen3.5-4B_task-ACSIncome/Qwen--Qwen3.5-4B_bench-1679418253/ACSIncome_subsampled-0.05_seed-42_hash-337940531.test_predictions.csv,1,1,42,numeric,results/0-bullet-is/model-Qwen--Qwen3.5-4B/Qwen--Qwen3.5-4B_task-ACSIncome/Qwen--Qwen3.5-4B_bench-1679418253/ACSIncome_subsampled-0.05_seed-42_hash-337940531.test_responses.csv
ACSIncome,Qwen/Qwen3.5-9B,0,1,1,0.25,balanced_accuracy,0.7494592645998558,0.7604376614710764,1268840695,0,bullet,is,original,default,,,results/0-bullet-is/model-Qwen--Qwen3.5-9B/Qwen--Qwen3.5-9B_task-ACSIncome/Qwen--Qwen3.5-9B_bench-1268840695/results.bench-1268840695.json,results/0-bullet-is/model-Qwen--Qwen3.5-9B/Qwen--Qwen3.5-9B_task-ACSIncome/Qwen--Qwen3.5-9B_bench-3064188583/ACSIncome_subsampled-0.05_seed-42_hash-2263364311.test_predictions.csv,1,1,562,mcq,results/0-bullet-is/model-Qwen--Qwen3.5-9B/Qwen--Qwen3.5-9B_task-ACSIncome/Qwen--Qwen3.5-9B_bench-3064188583/ACSIncome_subsampled-0.05_seed-42_hash-2263364311.test_responses.csv
ACSIncome,Qwen/Qwen3.5-9B,0,1,1,0.65,balanced_accuracy,0.7552976791120081,0.7648043632095824,1317519898,0,bullet,is,original,default,,,results/0-bullet-is/model-Qwen--Qwen3.5-9B/Qwen--Qwen3.5-9B_task-ACSIncome/Qwen--Qwen3.5-9B_bench-1317519898/results.bench-1317519898.json,results/0-bullet-is/model-Qwen--Qwen3.5-9B/Qwen--Qwen3.5-9B_task-ACSIncome/Qwen--Qwen3.5-9B_bench-1500999992/ACSIncome_subsampled-0.05_seed-42_hash-337940531.test_predictions.csv,1,1,42,numeric,results/0-bullet-is/model-Qwen--Qwen3.5-9B/Qwen--Qwen3.5-9B_task-ACSIncome/Qwen--Qwen3.5-9B_bench-1500999992/ACSIncome_subsampled-0.05_seed-42_hash-337940531.test_responses.csv
ACSIncome,Qwen/Qwen3.5-9B,0,1,1,0.78,balanced_accuracy,0.7754921756688541,0.7632057618011021,1717159366,0,bullet,is,original,default,,,results/0-bullet-is/model-Qwen--Qwen3.5-9B/Qwen--Qwen3.5-9B_task-ACSIncome/Qwen--Qwen3.5-9B_bench-1717159366/results.bench-1717159366.json,results/0-bullet-is/model-Qwen--Qwen3.5-9B/Qwen--Qwen3.5-9B_task-ACSIncome/Qwen--Qwen3.5-9B_bench-3979819985/ACSIncome_subsampled-0.05_seed-42_hash-337940531.test_predictions.csv,1,1,264,numeric,results/0-bullet-is/model-Qwen--Qwen3.5-9B/Qwen--Qwen3.5-9B_task-ACSIncome/Qwen--Qwen3.5-9B_bench-3979819985/ACSIncome_subsampled-0.05_seed-42_hash-337940531.test_responses.csv
ACSIncome,Qwen/Qwen3.5-9B,0,1,1,0.5,balanced_accuracy,0.7544154751892347,0.7653896759710703,196119126,0,bullet,is,original,default,,,results/0-bullet-is/model-Qwen--Qwen3.5-9B/Qwen--Qwen3.5-9B_task-ACSIncome/Qwen--Qwen3.5-9B_bench-196119126/results.bench-196119126.json,results/0-bullet-is/model-Qwen--Qwen3.5-9B/Qwen--Qwen3.5-9B_task-ACSIncome/Qwen--Qwen3.5-9B_bench-196119126/ACSIncome_subsampled-0.05_seed-42_hash-2263364311.test_predictions.csv,1,1,478,mcq,results/0-bullet-is/model-Qwen--Qwen3.5-9B/Qwen--Qwen3.5-9B_task-ACSIncome/Qwen--Qwen3.5-9B_bench-196119126/ACSIncome_subsampled-0.05_seed-42_hash-2263364311.test_responses.csv
ACSIncome,Qwen/Qwen3.5-9B,0,1,1,0.75,balanced_accuracy,0.7725306416726748,0.7636659475484393,2119967475,0,bullet,is,original,default,,,results/0-bullet-is/model-Qwen--Qwen3.5-9B/Qwen--Qwen3.5-9B_task-ACSIncome/Qwen--Qwen3.5-9B_bench-2119967475/results.bench-2119967475.json,results/0-bullet-is/model-Qwen--Qwen3.5-9B/Qwen--Qwen3.5-9B_task-ACSIncome/Qwen--Qwen3.5-9B_bench-843530780/ACSIncome_subsampled-0.05_seed-42_hash-2263364311.test_predictions.csv,1,1,179,mcq,results/0-bullet-is/model-Qwen--Qwen3.5-9B/Qwen--Qwen3.5-9B_task-ACSIncome/Qwen--Qwen3.5-9B_bench-843530780/ACSIncome_subsampled-0.05_seed-42_hash-2263364311.test_responses.csv
ACSIncome,Qwen/Qwen3.5-9B,0,1,1,0.68,balanced_accuracy,0.7687976979857375,0.7699301352832775,2205547683,0,bullet,is,original,default,,,results/0-bullet-is/model-Qwen--Qwen3.5-9B/Qwen--Qwen3.5-9B_task-ACSIncome/Qwen--Qwen3.5-9B_bench-2205547683/results.bench-2205547683.json,results/0-bullet-is/model-Qwen--Qwen3.5-9B/Qwen--Qwen3.5-9B_task-ACSIncome/Qwen--Qwen3.5-9B_bench-1596246074/ACSIncome_subsampled-0.05_seed-42_hash-337940531.test_predictions.csv,1,1,179,numeric,results/0-bullet-is/model-Qwen--Qwen3.5-9B/Qwen--Qwen3.5-9B_task-ACSIncome/Qwen--Qwen3.5-9B_bench-1596246074/ACSIncome_subsampled-0.05_seed-42_hash-337940531.test_responses.csv
ACSIncome,Qwen/Qwen3.5-9B,0,1,1,0.75,balanced_accuracy,0.7423558897243108,0.7480248136967479,2263940072,0,bullet,is,original,default,,,results/0-bullet-is/model-Qwen--Qwen3.5-9B/Qwen--Qwen3.5-9B_task-ACSIncome/Qwen--Qwen3.5-9B_bench-2263940072/results.bench-2263940072.json,results/0-bullet-is/model-Qwen--Qwen3.5-9B/Qwen--Qwen3.5-9B_task-ACSIncome/Qwen--Qwen3.5-9B_bench-4090134112/ACSIncome_subsampled-0.05_seed-42_hash-337940531.test_predictions.csv,1,1,562,numeric,results/0-bullet-is/model-Qwen--Qwen3.5-9B/Qwen--Qwen3.5-9B_task-ACSIncome/Qwen--Qwen3.5-9B_bench-4090134112/ACSIncome_subsampled-0.05_seed-42_hash-337940531.test_responses.csv
ACSIncome,Qwen/Qwen3.5-9B,0,1,1,0.5,balanced_accuracy,0.7569386038687973,0.7664092410710843,2276998694,0,bullet,is,original,default,,,results/0-bullet-is/model-Qwen--Qwen3.5-9B/Qwen--Qwen3.5-9B_task-ACSIncome/Qwen--Qwen3.5-9B_bench-2276998694/results.bench-2276998694.json,results/0-bullet-is/model-Qwen--Qwen3.5-9B/Qwen--Qwen3.5-9B_task-ACSIncome/Qwen--Qwen3.5-9B_bench-2276998694/ACSIncome_subsampled-0.05_seed-42_hash-2263364311.test_predictions.csv,1,0,264,mcq,results/0-bullet-is/model-Qwen--Qwen3.5-9B/Qwen--Qwen3.5-9B_task-ACSIncome/Qwen--Qwen3.5-9B_bench-2276998694/ACSIncome_subsampled-0.05_seed-42_hash-2263364311.test_responses.csv
ACSIncome,Qwen/Qwen3.5-9B,0,1,1,0.6,balanced_accuracy,0.7565781569145741,0.7657782994396856,2447928738,0,bullet,is,original,default,,,results/0-bullet-is/model-Qwen--Qwen3.5-9B/Qwen--Qwen3.5-9B_task-ACSIncome/Qwen--Qwen3.5-9B_bench-2447928738/results.bench-2447928738.json,results/0-bullet-is/model-Qwen--Qwen3.5-9B/Qwen--Qwen3.5-9B_task-ACSIncome/Qwen--Qwen3.5-9B_bench-2609996171/ACSIncome_subsampled-0.05_seed-42_hash-337940531.test_predictions.csv,1,0,42,numeric,results/0-bullet-is/model-Qwen--Qwen3.5-9B/Qwen--Qwen3.5-9B_task-ACSIncome/Qwen--Qwen3.5-9B_bench-2609996171/ACSIncome_subsampled-0.05_seed-42_hash-337940531.test_responses.csv
ACSIncome,Qwen/Qwen3.5-9B,0,1,1,0.75,balanced_accuracy,0.7575102138908916,0.7554909887279384,2565712224,0,bullet,is,original,default,,,results/0-bullet-is/model-Qwen--Qwen3.5-9B/Qwen--Qwen3.5-9B_task-ACSIncome/Qwen--Qwen3.5-9B_bench-2565712224/results.bench-2565712224.json,results/0-bullet-is/model-Qwen--Qwen3.5-9B/Qwen--Qwen3.5-9B_task-ACSIncome/Qwen--Qwen3.5-9B_bench-1215427934/ACSIncome_subsampled-0.05_seed-42_hash-337940531.test_predictions.csv,1,0,264,numeric,results/0-bullet-is/model-Qwen--Qwen3.5-9B/Qwen--Qwen3.5-9B_task-ACSIncome/Qwen--Qwen3.5-9B_bench-1215427934/ACSIncome_subsampled-0.05_seed-42_hash-337940531.test_responses.csv
ACSIncome,Qwen/Qwen3.5-9B,0,1,1,0.85,balanced_accuracy,0.761715933669791,0.7545113599422631,2824680356,0,bullet,is,original,default,,,results/0-bullet-is/model-Qwen--Qwen3.5-9B/Qwen--Qwen3.5-9B_task-ACSIncome/Qwen--Qwen3.5-9B_bench-2824680356/results.bench-2824680356.json,results/0-bullet-is/model-Qwen--Qwen3.5-9B/Qwen--Qwen3.5-9B_task-ACSIncome/Qwen--Qwen3.5-9B_bench-3075139909/ACSIncome_subsampled-0.05_seed-42_hash-337940531.test_predictions.csv,1,0,562,numeric,results/0-bullet-is/model-Qwen--Qwen3.5-9B/Qwen--Qwen3.5-9B_task-ACSIncome/Qwen--Qwen3.5-9B_bench-3075139909/ACSIncome_subsampled-0.05_seed-42_hash-337940531.test_responses.csv
ACSIncome,Qwen/Qwen3.5-9B,0,1,1,0.75,balanced_accuracy,0.7723176739156554,0.7552457481264585,2988284240,0,bullet,is,original,default,,,results/0-bullet-is/model-Qwen--Qwen3.5-9B/Qwen--Qwen3.5-9B_task-ACSIncome/Qwen--Qwen3.5-9B_bench-2988284240/results.bench-2988284240.json,results/0-bullet-is/model-Qwen--Qwen3.5-9B/Qwen--Qwen3.5-9B_task-ACSIncome/Qwen--Qwen3.5-9B_bench-64022227/ACSIncome_subsampled-0.05_seed-42_hash-2263364311.test_predictions.csv,1,0,478,mcq,results/0-bullet-is/model-Qwen--Qwen3.5-9B/Qwen--Qwen3.5-9B_task-ACSIncome/Qwen--Qwen3.5-9B_bench-64022227/ACSIncome_subsampled-0.05_seed-42_hash-2263364311.test_responses.csv
ACSIncome,Qwen/Qwen3.5-9B,0,1,1,0.5,balanced_accuracy,0.7461251952421002,0.7619703492889885,3316162714,0,bullet,is,original,default,,,results/0-bullet-is/model-Qwen--Qwen3.5-9B/Qwen--Qwen3.5-9B_task-ACSIncome/Qwen--Qwen3.5-9B_bench-3316162714/results.bench-3316162714.json,results/0-bullet-is/model-Qwen--Qwen3.5-9B/Qwen--Qwen3.5-9B_task-ACSIncome/Qwen--Qwen3.5-9B_bench-3316162714/ACSIncome_subsampled-0.05_seed-42_hash-2263364311.test_predictions.csv,1,0,179,mcq,results/0-bullet-is/model-Qwen--Qwen3.5-9B/Qwen--Qwen3.5-9B_task-ACSIncome/Qwen--Qwen3.5-9B_bench-3316162714/ACSIncome_subsampled-0.05_seed-42_hash-2263364311.test_responses.csv
ACSIncome,Qwen/Qwen3.5-9B,0,1,1,0.68,balanced_accuracy,0.7604855185674799,0.7601945391246903,334384926,0,bullet,is,original,default,,,results/0-bullet-is/model-Qwen--Qwen3.5-9B/Qwen--Qwen3.5-9B_task-ACSIncome/Qwen--Qwen3.5-9B_bench-334384926/results.bench-334384926.json,results/0-bullet-is/model-Qwen--Qwen3.5-9B/Qwen--Qwen3.5-9B_task-ACSIncome/Qwen--Qwen3.5-9B_bench-3625468863/ACSIncome_subsampled-0.05_seed-42_hash-337940531.test_predictions.csv,1,0,478,numeric,results/0-bullet-is/model-Qwen--Qwen3.5-9B/Qwen--Qwen3.5-9B_task-ACSIncome/Qwen--Qwen3.5-9B_bench-3625468863/ACSIncome_subsampled-0.05_seed-42_hash-337940531.test_responses.csv
ACSIncome,Qwen/Qwen3.5-9B,0,1,1,0.25,balanced_accuracy,0.7545356241739757,0.7651378093965329,3393467504,0,bullet,is,original,default,,,results/0-bullet-is/model-Qwen--Qwen3.5-9B/Qwen--Qwen3.5-9B_task-ACSIncome/Qwen--Qwen3.5-9B_bench-3393467504/results.bench-3393467504.json,results/0-bullet-is/model-Qwen--Qwen3.5-9B/Qwen--Qwen3.5-9B_task-ACSIncome/Qwen--Qwen3.5-9B_bench-2393442685/ACSIncome_subsampled-0.05_seed-42_hash-2263364311.test_predictions.csv,1,1,42,mcq,results/0-bullet-is/model-Qwen--Qwen3.5-9B/Qwen--Qwen3.5-9B_task-ACSIncome/Qwen--Qwen3.5-9B_bench-2393442685/ACSIncome_subsampled-0.05_seed-42_hash-2263364311.test_responses.csv
ACSIncome,Qwen/Qwen3.5-9B,0,1,1,1.0,balanced_accuracy,0.7689535023429052,0.7596635836389862,3677786086,0,bullet,is,original,default,,,results/0-bullet-is/model-Qwen--Qwen3.5-9B/Qwen--Qwen3.5-9B_task-ACSIncome/Qwen--Qwen3.5-9B_bench-3677786086/results.bench-3677786086.json,results/0-bullet-is/model-Qwen--Qwen3.5-9B/Qwen--Qwen3.5-9B_task-ACSIncome/Qwen--Qwen3.5-9B_bench-109046377/ACSIncome_subsampled-0.05_seed-42_hash-2263364311.test_predictions.csv,1,0,562,mcq,results/0-bullet-is/model-Qwen--Qwen3.5-9B/Qwen--Qwen3.5-9B_task-ACSIncome/Qwen--Qwen3.5-9B_bench-109046377/ACSIncome_subsampled-0.05_seed-42_hash-2263364311.test_responses.csv
ACSIncome,Qwen/Qwen3.5-9B,0,1,1,0.5,balanced_accuracy,0.7565781569145741,0.7657782994396856,3741738883,0,bullet,is,original,default,,,results/0-bullet-is/model-Qwen--Qwen3.5-9B/Qwen--Qwen3.5-9B_task-ACSIncome/Qwen--Qwen3.5-9B_bench-3741738883/results.bench-3741738883.json,results/0-bullet-is/model-Qwen--Qwen3.5-9B/Qwen--Qwen3.5-9B_task-ACSIncome/Qwen--Qwen3.5-9B_bench-3741738883/ACSIncome_subsampled-0.05_seed-42_hash-2263364311.test_predictions.csv,1,0,42,mcq,results/0-bullet-is/model-Qwen--Qwen3.5-9B/Qwen--Qwen3.5-9B_task-ACSIncome/Qwen--Qwen3.5-9B_bench-3741738883/ACSIncome_subsampled-0.05_seed-42_hash-2263364311.test_responses.csv
ACSIncome,Qwen/Qwen3.5-9B,0,1,1,0.68,balanced_accuracy,0.77044223258158,0.7726054680427303,42908400,0,bullet,is,original,default,,,results/0-bullet-is/model-Qwen--Qwen3.5-9B/Qwen--Qwen3.5-9B_task-ACSIncome/Qwen--Qwen3.5-9B_bench-42908400/results.bench-42908400.json,results/0-bullet-is/model-Qwen--Qwen3.5-9B/Qwen--Qwen3.5-9B_task-ACSIncome/Qwen--Qwen3.5-9B_bench-3113855297/ACSIncome_subsampled-0.05_seed-42_hash-337940531.test_predictions.csv,1,1,478,numeric,results/0-bullet-is/model-Qwen--Qwen3.5-9B/Qwen--Qwen3.5-9B_task-ACSIncome/Qwen--Qwen3.5-9B_bench-3113855297/ACSIncome_subsampled-0.05_seed-42_hash-337940531.test_responses.csv
ACSIncome,Qwen/Qwen3.5-9B,0,1,1,0.25,balanced_accuracy,0.7527333894028595,0.7627456989847954,54768607,0,bullet,is,original,default,,,results/0-bullet-is/model-Qwen--Qwen3.5-9B/Qwen--Qwen3.5-9B_task-ACSIncome/Qwen--Qwen3.5-9B_bench-54768607/results.bench-54768607.json,results/0-bullet-is/model-Qwen--Qwen3.5-9B/Qwen--Qwen3.5-9B_task-ACSIncome/Qwen--Qwen3.5-9B_bench-863507530/ACSIncome_subsampled-0.05_seed-42_hash-2263364311.test_predictions.csv,1,1,264,mcq,results/0-bullet-is/model-Qwen--Qwen3.5-9B/Qwen--Qwen3.5-9B_task-ACSIncome/Qwen--Qwen3.5-9B_bench-863507530/ACSIncome_subsampled-0.05_seed-42_hash-2263364311.test_responses.csv
ACSIncome,Qwen/Qwen3.5-9B,0,1,1,0.8,balanced_accuracy,0.7758952174957943,0.7614378369175797,905326519,0,bullet,is,original,default,,,results/0-bullet-is/model-Qwen--Qwen3.5-9B/Qwen--Qwen3.5-9B_task-ACSIncome/Qwen--Qwen3.5-9B_bench-905326519/results.bench-905326519.json,results/0-bullet-is/model-Qwen--Qwen3.5-9B/Qwen--Qwen3.5-9B_task-ACSIncome/Qwen--Qwen3.5-9B_bench-4176592272/ACSIncome_subsampled-0.05_seed-42_hash-337940531.test_predictions.csv,1,0,179,numeric,results/0-bullet-is/model-Qwen--Qwen3.5-9B/Qwen--Qwen3.5-9B_task-ACSIncome/Qwen--Qwen3.5-9B_bench-4176592272/ACSIncome_subsampled-0.05_seed-42_hash-337940531.test_responses.csv
ACSIncome,gpt-5.1,1,1,1,0.5,balanced_accuracy,0.7856542112219151,0.7834434832307495,1203373093,0,bullet,is,original,default,,,results/0-bullet-is/model-gpt-5.1/gpt-5.1_task-ACSIncome/gpt-5.1_bench-1203373093/results.bench-1203373093.json,results/0-bullet-is/model-gpt-5.1/gpt-5.1_task-ACSIncome/gpt-5.1_bench-1203373093/ACSIncome_subsampled-0.05_seed-42_hash-337940531.test_predictions.csv,1,high,42,numeric,results/0-bullet-is/model-gpt-5.1/gpt-5.1_task-ACSIncome/gpt-5.1_bench-1203373093/ACSIncome_subsampled-0.05_seed-42_hash-337940531.test_responses.csv
ACSIncome,gpt-5.1,1,1,1,0.36,balanced_accuracy,0.765589330770155,0.7809972236826488,1298278056,0,bullet,is,original,default,,,results/0-bullet-is/model-gpt-5.1/gpt-5.1_task-ACSIncome/gpt-5.1_bench-1298278056/results.bench-1298278056.json,results/0-bullet-is/model-gpt-5.1/gpt-5.1_task-ACSIncome/gpt-5.1_bench-3765063857/ACSIncome_subsampled-0.05_seed-42_hash-337940531.test_predictions.csv,1,high,478,numeric,results/0-bullet-is/model-gpt-5.1/gpt-5.1_task-ACSIncome/gpt-5.1_bench-3765063857/ACSIncome_subsampled-0.05_seed-42_hash-337940531.test_responses.csv
ACSIncome,gpt-5.1,1,1,1,0.42,balanced_accuracy,0.7699146942208338,0.7778921548258482,1392971602,0,bullet,is,original,default,,,results/0-bullet-is/model-gpt-5.1/gpt-5.1_task-ACSIncome/gpt-5.1_bench-1392971602/results.bench-1392971602.json,results/0-bullet-is/model-gpt-5.1/gpt-5.1_task-ACSIncome/gpt-5.1_bench-129042570/ACSIncome_subsampled-0.05_seed-42_hash-337940531.test_predictions.csv,1,low,478,numeric,results/0-bullet-is/model-gpt-5.1/gpt-5.1_task-ACSIncome/gpt-5.1_bench-129042570/ACSIncome_subsampled-0.05_seed-42_hash-337940531.test_responses.csv
ACSIncome,gpt-5.1,1,1,1,0.43,balanced_accuracy,0.7738796107172894,0.7798409638931942,1545313385,0,bullet,is,original,default,,,results/0-bullet-is/model-gpt-5.1/gpt-5.1_task-ACSIncome/gpt-5.1_bench-1545313385/results.bench-1545313385.json,results/0-bullet-is/model-gpt-5.1/gpt-5.1_task-ACSIncome/gpt-5.1_bench-3527983617/ACSIncome_subsampled-0.05_seed-42_hash-337940531.test_predictions.csv,1,medium,42,numeric,results/0-bullet-is/model-gpt-5.1/gpt-5.1_task-ACSIncome/gpt-5.1_bench-3527983617/ACSIncome_subsampled-0.05_seed-42_hash-337940531.test_responses.csv
ACSIncome,gpt-5.1,1,1,1,0.5,balanced_accuracy,0.7760422924426289,0.7764859257032795,16386030,0,bullet,is,original,default,,,results/0-bullet-is/model-gpt-5.1/gpt-5.1_task-ACSIncome/gpt-5.1_bench-16386030/results.bench-16386030.json,results/0-bullet-is/model-gpt-5.1/gpt-5.1_task-ACSIncome/gpt-5.1_bench-16386030/ACSIncome_subsampled-0.05_seed-42_hash-2263364311.test_predictions.csv,1,high,42,mcq,results/0-bullet-is/model-gpt-5.1/gpt-5.1_task-ACSIncome/gpt-5.1_bench-16386030/ACSIncome_subsampled-0.05_seed-42_hash-2263364311.test_responses.csv
ACSIncome,gpt-5.1,1,1,1,0.5,balanced_accuracy,0.780848251832272,0.7815938905591525,2210878214,0,bullet,is,original,default,,,results/0-bullet-is/model-gpt-5.1/gpt-5.1_task-ACSIncome/gpt-5.1_bench-2210878214/results.bench-2210878214.json,results/0-bullet-is/model-gpt-5.1/gpt-5.1_task-ACSIncome/gpt-5.1_bench-2210878214/ACSIncome_subsampled-0.05_seed-42_hash-2263364311.test_predictions.csv,1,low,42,mcq,results/0-bullet-is/model-gpt-5.1/gpt-5.1_task-ACSIncome/gpt-5.1_bench-2210878214/ACSIncome_subsampled-0.05_seed-42_hash-2263364311.test_responses.csv
ACSIncome,gpt-5.1,1,1,1,0.5,balanced_accuracy,0.7836116784813169,0.7834962638651026,2450340481,0,bullet,is,original,default,,,results/0-bullet-is/model-gpt-5.1/gpt-5.1_task-ACSIncome/gpt-5.1_bench-2450340481/results.bench-2450340481.json,results/0-bullet-is/model-gpt-5.1/gpt-5.1_task-ACSIncome/gpt-5.1_bench-2450340481/ACSIncome_subsampled-0.05_seed-42_hash-337940531.test_predictions.csv,1,medium,478,numeric,results/0-bullet-is/model-gpt-5.1/gpt-5.1_task-ACSIncome/gpt-5.1_bench-2450340481/ACSIncome_subsampled-0.05_seed-42_hash-337940531.test_responses.csv
ACSIncome,gpt-5.1,1,1,1,0.55,balanced_accuracy,0.776282590412111,0.7857573091070326,2919951514,0,bullet,is,original,default,,,results/0-bullet-is/model-gpt-5.1/gpt-5.1_task-ACSIncome/gpt-5.1_bench-2919951514/results.bench-2919951514.json,results/0-bullet-is/model-gpt-5.1/gpt-5.1_task-ACSIncome/gpt-5.1_bench-4078722034/ACSIncome_subsampled-0.05_seed-42_hash-337940531.test_predictions.csv,1,none,562,numeric,results/0-bullet-is/model-gpt-5.1/gpt-5.1_task-ACSIncome/gpt-5.1_bench-4078722034/ACSIncome_subsampled-0.05_seed-42_hash-337940531.test_responses.csv
ACSIncome,gpt-5.1,1,1,1,0.42,balanced_accuracy,0.7780848251832272,0.7832965247762312,3008801235,0,bullet,is,original,default,,,results/0-bullet-is/model-gpt-5.1/gpt-5.1_task-ACSIncome/gpt-5.1_bench-3008801235/results.bench-3008801235.json,results/0-bullet-is/model-gpt-5.1/gpt-5.1_task-ACSIncome/gpt-5.1_bench-468680677/ACSIncome_subsampled-0.05_seed-42_hash-337940531.test_predictions.csv,1,high,179,numeric,results/0-bullet-is/model-gpt-5.1/gpt-5.1_task-ACSIncome/gpt-5.1_bench-468680677/ACSIncome_subsampled-0.05_seed-42_hash-337940531.test_responses.csv
ACSIncome,gpt-5.1,1,1,1,0.62,balanced_accuracy,0.789979574672594,0.7802690873061984,3021078013,0,bullet,is,original,default,,,results/0-bullet-is/model-gpt-5.1/gpt-5.1_task-ACSIncome/gpt-5.1_bench-3021078013/results.bench-3021078013.json,results/0-bullet-is/model-gpt-5.1/gpt-5.1_task-ACSIncome/gpt-5.1_bench-3894456664/ACSIncome_subsampled-0.05_seed-42_hash-337940531.test_predictions.csv,1,none,42,numeric,results/0-bullet-is/model-gpt-5.1/gpt-5.1_task-ACSIncome/gpt-5.1_bench-3894456664/ACSIncome_subsampled-0.05_seed-42_hash-337940531.test_responses.csv
ACSIncome,gpt-5.1,1,1,1,0.5,balanced_accuracy,0.7720773759461732,0.7793900113784722,3070159506,0,bullet,is,original,default,,,results/0-bullet-is/model-gpt-5.1/gpt-5.1_task-ACSIncome/gpt-5.1_bench-3070159506/results.bench-3070159506.json,results/0-bullet-is/model-gpt-5.1/gpt-5.1_task-ACSIncome/gpt-5.1_bench-3070159506/ACSIncome_subsampled-0.05_seed-42_hash-2263364311.test_predictions.csv,1,none,42,mcq,results/0-bullet-is/model-gpt-5.1/gpt-5.1_task-ACSIncome/gpt-5.1_bench-3070159506/ACSIncome_subsampled-0.05_seed-42_hash-2263364311.test_responses.csv
ACSIncome,gpt-5.1,1,1,1,0.48,balanced_accuracy,0.7730385678241019,0.7829905712699674,3184524875,0,bullet,is,original,default,,,results/0-bullet-is/model-gpt-5.1/gpt-5.1_task-ACSIncome/gpt-5.1_bench-3184524875/results.bench-3184524875.json,results/0-bullet-is/model-gpt-5.1/gpt-5.1_task-ACSIncome/gpt-5.1_bench-795887513/ACSIncome_subsampled-0.05_seed-42_hash-337940531.test_predictions.csv,1,none,179,numeric,results/0-bullet-is/model-gpt-5.1/gpt-5.1_task-ACSIncome/gpt-5.1_bench-795887513/ACSIncome_subsampled-0.05_seed-42_hash-337940531.test_responses.csv
ACSIncome,gpt-5.1,1,1,1,0.5,balanced_accuracy,0.7707557371140213,0.7784862091076048,3195647034,0,bullet,is,original,default,,,results/0-bullet-is/model-gpt-5.1/gpt-5.1_task-ACSIncome/gpt-5.1_bench-3195647034/results.bench-3195647034.json,results/0-bullet-is/model-gpt-5.1/gpt-5.1_task-ACSIncome/gpt-5.1_bench-3195647034/ACSIncome_subsampled-0.05_seed-42_hash-337940531.test_predictions.csv,1,none,478,numeric,results/0-bullet-is/model-gpt-5.1/gpt-5.1_task-ACSIncome/gpt-5.1_bench-3195647034/ACSIncome_subsampled-0.05_seed-42_hash-337940531.test_responses.csv
ACSIncome,gpt-5.1,1,1,1,0.44,balanced_accuracy,0.7746005046257359,0.7793696704622277,3236811124,0,bullet,is,original,default,,,results/0-bullet-is/model-gpt-5.1/gpt-5.1_task-ACSIncome/gpt-5.1_bench-3236811124/results.bench-3236811124.json,results/0-bullet-is/model-gpt-5.1/gpt-5.1_task-ACSIncome/gpt-5.1_bench-1562808095/ACSIncome_subsampled-0.05_seed-42_hash-337940531.test_predictions.csv,1,medium,562,numeric,results/0-bullet-is/model-gpt-5.1/gpt-5.1_task-ACSIncome/gpt-5.1_bench-1562808095/ACSIncome_subsampled-0.05_seed-42_hash-337940531.test_responses.csv
ACSIncome,gpt-5.1,1,1,1,0.5,balanced_accuracy,0.7801110306541154,0.7799741676632574,3285754168,0,bullet,is,original,default,,,results/0-bullet-is/model-gpt-5.1/gpt-5.1_task-ACSIncome/gpt-5.1_bench-3285754168/results.bench-3285754168.json,results/0-bullet-is/model-gpt-5.1/gpt-5.1_task-ACSIncome/gpt-5.1_bench-3285754168/ACSIncome_subsampled-0.05_seed-42_hash-2263364311.test_predictions.csv,1,low,562,mcq,results/0-bullet-is/model-gpt-5.1/gpt-5.1_task-ACSIncome/gpt-5.1_bench-3285754168/ACSIncome_subsampled-0.05_seed-42_hash-2263364311.test_responses.csv
ACSIncome,gpt-5.1,1,1,1,0.5,balanced_accuracy,0.7756818454884056,0.776270946478384,3461050150,0,bullet,is,original,default,,,results/0-bullet-is/model-gpt-5.1/gpt-5.1_task-ACSIncome/gpt-5.1_bench-3461050150/results.bench-3461050150.json,results/0-bullet-is/model-gpt-5.1/gpt-5.1_task-ACSIncome/gpt-5.1_bench-3461050150/ACSIncome_subsampled-0.05_seed-42_hash-2263364311.test_predictions.csv,1,medium,42,mcq,results/0-bullet-is/model-gpt-5.1/gpt-5.1_task-ACSIncome/gpt-5.1_bench-3461050150/ACSIncome_subsampled-0.05_seed-42_hash-2263364311.test_responses.csv
ACSIncome,gpt-5.1,1,1,1,0.58,balanced_accuracy,0.7749609515799591,0.7797233038226242,3514695777,0,bullet,is,original,default,,,results/0-bullet-is/model-gpt-5.1/gpt-5.1_task-ACSIncome/gpt-5.1_bench-3514695777/results.bench-3514695777.json,results/0-bullet-is/model-gpt-5.1/gpt-5.1_task-ACSIncome/gpt-5.1_bench-1419421092/ACSIncome_subsampled-0.05_seed-42_hash-337940531.test_predictions.csv,1,none,264,numeric,results/0-bullet-is/model-gpt-5.1/gpt-5.1_task-ACSIncome/gpt-5.1_bench-1419421092/ACSIncome_subsampled-0.05_seed-42_hash-337940531.test_responses.csv
ACSIncome,gpt-5.1,1,1,1,0.4,balanced_accuracy,0.7690736513276463,0.7825669576931336,3542921946,0,bullet,is,original,default,,,results/0-bullet-is/model-gpt-5.1/gpt-5.1_task-ACSIncome/gpt-5.1_bench-3542921946/results.bench-3542921946.json,results/0-bullet-is/model-gpt-5.1/gpt-5.1_task-ACSIncome/gpt-5.1_bench-4209631521/ACSIncome_subsampled-0.05_seed-42_hash-337940531.test_predictions.csv,1,high,562,numeric,results/0-bullet-is/model-gpt-5.1/gpt-5.1_task-ACSIncome/gpt-5.1_bench-4209631521/ACSIncome_subsampled-0.05_seed-42_hash-337940531.test_responses.csv
ACSIncome,gpt-5.1,1,1,1,0.42,balanced_accuracy,0.7739997597020305,0.7827088153674315,523425950,0,bullet,is,original,default,,,results/0-bullet-is/model-gpt-5.1/gpt-5.1_task-ACSIncome/gpt-5.1_bench-523425950/results.bench-523425950.json,results/0-bullet-is/model-gpt-5.1/gpt-5.1_task-ACSIncome/gpt-5.1_bench-1724092377/ACSIncome_subsampled-0.05_seed-42_hash-337940531.test_predictions.csv,1,low,42,numeric,results/0-bullet-is/model-gpt-5.1/gpt-5.1_task-ACSIncome/gpt-5.1_bench-1724092377/ACSIncome_subsampled-0.05_seed-42_hash-337940531.test_responses.csv
ACSIncome,gpt-5.1,1,1,1,0.4,balanced_accuracy,0.7653490328006728,0.7786585470539511,881100236,0,bullet,is,original,default,,,results/0-bullet-is/model-gpt-5.1/gpt-5.1_task-ACSIncome/gpt-5.1_bench-881100236/results.bench-881100236.json,results/0-bullet-is/model-gpt-5.1/gpt-5.1_task-ACSIncome/gpt-5.1_bench-3899049623/ACSIncome_subsampled-0.05_seed-42_hash-337940531.test_predictions.csv,1,high,264,numeric,results/0-bullet-is/model-gpt-5.1/gpt-5.1_task-ACSIncome/gpt-5.1_bench-3899049623/ACSIncome_subsampled-0.05_seed-42_hash-337940531.test_responses.csv
ACSIncome,gpt-5.1,1,1,1,0.5,balanced_accuracy,0.7804878048780488,0.7774272684724756,904881091,0,bullet,is,original,default,,,results/0-bullet-is/model-gpt-5.1/gpt-5.1_task-ACSIncome/gpt-5.1_bench-904881091/results.bench-904881091.json,results/0-bullet-is/model-gpt-5.1/gpt-5.1_task-ACSIncome/gpt-5.1_bench-904881091/ACSIncome_subsampled-0.05_seed-42_hash-337940531.test_predictions.csv,1,low,562,numeric,results/0-bullet-is/model-gpt-5.1/gpt-5.1_task-ACSIncome/gpt-5.1_bench-904881091/ACSIncome_subsampled-0.05_seed-42_hash-337940531.test_responses.csv
ACSIncome,gpt-5.2,1,1,1,0.48,balanced_accuracy,0.7826504866033882,0.7805196475833622,1157401086,0,bullet,is,original,default,,,results/0-bullet-is/model-gpt-5.2/gpt-5.2_task-ACSIncome/gpt-5.2_bench-1157401086/results.bench-1157401086.json,results/0-bullet-is/model-gpt-5.2/gpt-5.2_task-ACSIncome/gpt-5.2_bench-700471275/ACSIncome_subsampled-0.05_seed-42_hash-337940531.test_predictions.csv,1,medium,562,numeric,results/0-bullet-is/model-gpt-5.2/gpt-5.2_task-ACSIncome/gpt-5.2_bench-700471275/ACSIncome_subsampled-0.05_seed-42_hash-337940531.test_responses.csv
ACSIncome,gpt-5.2,1,1,1,0.56,balanced_accuracy,0.7910609155352637,0.7843110513006616,1228868253,0,bullet,is,original,default,,,results/0-bullet-is/model-gpt-5.2/gpt-5.2_task-ACSIncome/gpt-5.2_bench-1228868253/results.bench-1228868253.json,results/0-bullet-is/model-gpt-5.2/gpt-5.2_task-ACSIncome/gpt-5.2_bench-2378872409/ACSIncome_subsampled-0.05_seed-42_hash-337940531.test_predictions.csv,1,none,562,numeric,results/0-bullet-is/model-gpt-5.2/gpt-5.2_task-ACSIncome/gpt-5.2_bench-2378872409/ACSIncome_subsampled-0.05_seed-42_hash-337940531.test_responses.csv
ACSIncome,gpt-5.2,1,1,1,0.5,balanced_accuracy,0.7726781208698786,0.7739017273730011,1355905437,0,bullet,is,original,default,,,results/0-bullet-is/model-gpt-5.2/gpt-5.2_task-ACSIncome/gpt-5.2_bench-1355905437/results.bench-1355905437.json,results/0-bullet-is/model-gpt-5.2/gpt-5.2_task-ACSIncome/gpt-5.2_bench-1355905437/ACSIncome_subsampled-0.05_seed-42_hash-2263364311.test_predictions.csv,1,high,42,mcq,results/0-bullet-is/model-gpt-5.2/gpt-5.2_task-ACSIncome/gpt-5.2_bench-1355905437/ACSIncome_subsampled-0.05_seed-42_hash-2263364311.test_responses.csv
ACSIncome,gpt-5.2,1,1,1,0.44,balanced_accuracy,0.7741199086867716,0.7812783886411347,1381499015,0,bullet,is,original,default,,,results/0-bullet-is/model-gpt-5.2/gpt-5.2_task-ACSIncome/gpt-5.2_bench-1381499015/results.bench-1381499015.json,results/0-bullet-is/model-gpt-5.2/gpt-5.2_task-ACSIncome/gpt-5.2_bench-3790502671/ACSIncome_subsampled-0.05_seed-42_hash-337940531.test_predictions.csv,1,low,562,numeric,results/0-bullet-is/model-gpt-5.2/gpt-5.2_task-ACSIncome/gpt-5.2_bench-3790502671/ACSIncome_subsampled-0.05_seed-42_hash-337940531.test_responses.csv
ACSIncome,gpt-5.2,1,1,1,0.58,balanced_accuracy,0.7914213624894869,0.7859125718805681,1393738010,0,bullet,is,original,default,,,results/0-bullet-is/model-gpt-5.2/gpt-5.2_task-ACSIncome/gpt-5.2_bench-1393738010/results.bench-1393738010.json,results/0-bullet-is/model-gpt-5.2/gpt-5.2_task-ACSIncome/gpt-5.2_bench-379357654/ACSIncome_subsampled-0.05_seed-42_hash-337940531.test_predictions.csv,1,none,478,numeric,results/0-bullet-is/model-gpt-5.2/gpt-5.2_task-ACSIncome/gpt-5.2_bench-379357654/ACSIncome_subsampled-0.05_seed-42_hash-337940531.test_responses.csv
ACSIncome,gpt-5.2,1,1,1,0.47,balanced_accuracy,0.7799807738524394,0.7793846172989671,1576364601,0,bullet,is,original,default,,,results/0-bullet-is/model-gpt-5.2/gpt-5.2_task-ACSIncome/gpt-5.2_bench-1576364601/results.bench-1576364601.json,results/0-bullet-is/model-gpt-5.2/gpt-5.2_task-ACSIncome/gpt-5.2_bench-2052293660/ACSIncome_subsampled-0.05_seed-42_hash-337940531.test_predictions.csv,1,high,42,numeric,results/0-bullet-is/model-gpt-5.2/gpt-5.2_task-ACSIncome/gpt-5.2_bench-2052293660/ACSIncome_subsampled-0.05_seed-42_hash-337940531.test_responses.csv
ACSIncome,gpt-5.2,1,1,1,0.5,balanced_accuracy,0.7746005046257359,0.7820734261044993,1749184249,0,bullet,is,original,default,,,results/0-bullet-is/model-gpt-5.2/gpt-5.2_task-ACSIncome/gpt-5.2_bench-1749184249/results.bench-1749184249.json,results/0-bullet-is/model-gpt-5.2/gpt-5.2_task-ACSIncome/gpt-5.2_bench-1749184249/ACSIncome_subsampled-0.05_seed-42_hash-2263364311.test_predictions.csv,1,none,42,mcq,results/0-bullet-is/model-gpt-5.2/gpt-5.2_task-ACSIncome/gpt-5.2_bench-1749184249/ACSIncome_subsampled-0.05_seed-42_hash-2263364311.test_responses.csv
ACSIncome,gpt-5.2,1,1,1,0.5,balanced_accuracy,0.774720653610477,0.7793257850909419,2074402985,0,bullet,is,original,default,,,results/0-bullet-is/model-gpt-5.2/gpt-5.2_task-ACSIncome/gpt-5.2_bench-2074402985/results.bench-2074402985.json,results/0-bullet-is/model-gpt-5.2/gpt-5.2_task-ACSIncome/gpt-5.2_bench-2074402985/ACSIncome_subsampled-0.05_seed-42_hash-2263364311.test_predictions.csv,1,low,42,mcq,results/0-bullet-is/model-gpt-5.2/gpt-5.2_task-ACSIncome/gpt-5.2_bench-2074402985/ACSIncome_subsampled-0.05_seed-42_hash-2263364311.test_responses.csv
ACSIncome,gpt-5.2,1,1,1,0.5,balanced_accuracy,0.7720773759461732,0.7749530790424368,2091857849,0,bullet,is,original,default,,,results/0-bullet-is/model-gpt-5.2/gpt-5.2_task-ACSIncome/gpt-5.2_bench-2091857849/results.bench-2091857849.json,results/0-bullet-is/model-gpt-5.2/gpt-5.2_task-ACSIncome/gpt-5.2_bench-2091857849/ACSIncome_subsampled-0.05_seed-42_hash-2263364311.test_predictions.csv,1,medium,42,mcq,results/0-bullet-is/model-gpt-5.2/gpt-5.2_task-ACSIncome/gpt-5.2_bench-2091857849/ACSIncome_subsampled-0.05_seed-42_hash-2263364311.test_responses.csv
ACSIncome,gpt-5.2,1,1,1,0.5,balanced_accuracy,0.7756818454884056,0.7800146081369139,2509412218,0,bullet,is,original,default,,,results/0-bullet-is/model-gpt-5.2/gpt-5.2_task-ACSIncome/gpt-5.2_bench-2509412218/results.bench-2509412218.json,results/0-bullet-is/model-gpt-5.2/gpt-5.2_task-ACSIncome/gpt-5.2_bench-2509412218/ACSIncome_subsampled-0.05_seed-42_hash-2263364311.test_predictions.csv,1,low,562,mcq,results/0-bullet-is/model-gpt-5.2/gpt-5.2_task-ACSIncome/gpt-5.2_bench-2509412218/ACSIncome_subsampled-0.05_seed-42_hash-2263364311.test_responses.csv
ACSIncome,gpt-5.2,1,1,1,0.55,balanced_accuracy,0.7846930193439865,0.7869836113175614,2803986120,0,bullet,is,original,default,,,results/0-bullet-is/model-gpt-5.2/gpt-5.2_task-ACSIncome/gpt-5.2_bench-2803986120/results.bench-2803986120.json,results/0-bullet-is/model-gpt-5.2/gpt-5.2_task-ACSIncome/gpt-5.2_bench-2691750798/ACSIncome_subsampled-0.05_seed-42_hash-337940531.test_predictions.csv,1,none,264,numeric,results/0-bullet-is/model-gpt-5.2/gpt-5.2_task-ACSIncome/gpt-5.2_bench-2691750798/ACSIncome_subsampled-0.05_seed-42_hash-337940531.test_responses.csv
ACSIncome,gpt-5.2,1,1,1,0.42,balanced_accuracy,0.7703952901597981,0.777855267476206,2834322041,0,bullet,is,original,default,,,results/0-bullet-is/model-gpt-5.2/gpt-5.2_task-ACSIncome/gpt-5.2_bench-2834322041/results.bench-2834322041.json,results/0-bullet-is/model-gpt-5.2/gpt-5.2_task-ACSIncome/gpt-5.2_bench-2155299209/ACSIncome_subsampled-0.05_seed-42_hash-337940531.test_predictions.csv,1,high,478,numeric,results/0-bullet-is/model-gpt-5.2/gpt-5.2_task-ACSIncome/gpt-5.2_bench-2155299209/ACSIncome_subsampled-0.05_seed-42_hash-337940531.test_responses.csv
ACSIncome,gpt-5.2,1,1,1,0.43,balanced_accuracy,0.7733990147783252,0.7786992910910768,2841268266,0,bullet,is,original,default,,,results/0-bullet-is/model-gpt-5.2/gpt-5.2_task-ACSIncome/gpt-5.2_bench-2841268266/results.bench-2841268266.json,results/0-bullet-is/model-gpt-5.2/gpt-5.2_task-ACSIncome/gpt-5.2_bench-775073007/ACSIncome_subsampled-0.05_seed-42_hash-337940531.test_predictions.csv,1,medium,42,numeric,results/0-bullet-is/model-gpt-5.2/gpt-5.2_task-ACSIncome/gpt-5.2_bench-775073007/ACSIncome_subsampled-0.05_seed-42_hash-337940531.test_responses.csv
ACSIncome,gpt-5.2,1,1,1,0.45,balanced_accuracy,0.7736393127478073,0.7808299865165229,2877187001,0,bullet,is,original,default,,,results/0-bullet-is/model-gpt-5.2/gpt-5.2_task-ACSIncome/gpt-5.2_bench-2877187001/results.bench-2877187001.json,results/0-bullet-is/model-gpt-5.2/gpt-5.2_task-ACSIncome/gpt-5.2_bench-963013937/ACSIncome_subsampled-0.05_seed-42_hash-337940531.test_predictions.csv,1,low,42,numeric,results/0-bullet-is/model-gpt-5.2/gpt-5.2_task-ACSIncome/gpt-5.2_bench-963013937/ACSIncome_subsampled-0.05_seed-42_hash-337940531.test_responses.csv
ACSIncome,gpt-5.2,1,1,1,0.6,balanced_accuracy,0.7943049381232729,0.7811156613111792,2930645281,0,bullet,is,original,default,,,results/0-bullet-is/model-gpt-5.2/gpt-5.2_task-ACSIncome/gpt-5.2_bench-2930645281/results.bench-2930645281.json,results/0-bullet-is/model-gpt-5.2/gpt-5.2_task-ACSIncome/gpt-5.2_bench-3668588208/ACSIncome_subsampled-0.05_seed-42_hash-337940531.test_predictions.csv,1,none,42,numeric,results/0-bullet-is/model-gpt-5.2/gpt-5.2_task-ACSIncome/gpt-5.2_bench-3668588208/ACSIncome_subsampled-0.05_seed-42_hash-337940531.test_responses.csv
ACSIncome,gpt-5.2,1,1,1,0.58,balanced_accuracy,0.7906753184330689,0.7846324175593429,3087717353,0,bullet,is,original,default,,,results/0-bullet-is/model-gpt-5.2/gpt-5.2_task-ACSIncome/gpt-5.2_bench-3087717353/results.bench-3087717353.json,results/0-bullet-is/model-gpt-5.2/gpt-5.2_task-ACSIncome/gpt-5.2_bench-72455958/ACSIncome_subsampled-0.05_seed-42_hash-337940531.test_predictions.csv,1,none,179,numeric,results/0-bullet-is/model-gpt-5.2/gpt-5.2_task-ACSIncome/gpt-5.2_bench-72455958/ACSIncome_subsampled-0.05_seed-42_hash-337940531.test_responses.csv
ACSIncome,gpt-5.2,1,1,1,0.42,balanced_accuracy,0.771596780007209,0.779288244592613,3099660453,0,bullet,is,original,default,,,results/0-bullet-is/model-gpt-5.2/gpt-5.2_task-ACSIncome/gpt-5.2_bench-3099660453/results.bench-3099660453.json,results/0-bullet-is/model-gpt-5.2/gpt-5.2_task-ACSIncome/gpt-5.2_bench-1454389234/ACSIncome_subsampled-0.05_seed-42_hash-337940531.test_predictions.csv,1,high,264,numeric,results/0-bullet-is/model-gpt-5.2/gpt-5.2_task-ACSIncome/gpt-5.2_bench-1454389234/ACSIncome_subsampled-0.05_seed-42_hash-337940531.test_responses.csv
ACSIncome,gpt-5.2,1,1,1,0.45,balanced_accuracy,0.776282590412111,0.7803497978224894,3114430474,0,bullet,is,original,default,,,results/0-bullet-is/model-gpt-5.2/gpt-5.2_task-ACSIncome/gpt-5.2_bench-3114430474/results.bench-3114430474.json,results/0-bullet-is/model-gpt-5.2/gpt-5.2_task-ACSIncome/gpt-5.2_bench-3971210083/ACSIncome_subsampled-0.05_seed-42_hash-337940531.test_predictions.csv,1,medium,478,numeric,results/0-bullet-is/model-gpt-5.2/gpt-5.2_task-ACSIncome/gpt-5.2_bench-3971210083/ACSIncome_subsampled-0.05_seed-42_hash-337940531.test_responses.csv
ACSIncome,gpt-5.2,1,1,1,0.42,balanced_accuracy,0.7725306416726748,0.7807159866670192,322354014,0,bullet,is,original,default,,,results/0-bullet-is/model-gpt-5.2/gpt-5.2_task-ACSIncome/gpt-5.2_bench-322354014/results.bench-322354014.json,results/0-bullet-is/model-gpt-5.2/gpt-5.2_task-ACSIncome/gpt-5.2_bench-2361729113/ACSIncome_subsampled-0.05_seed-42_hash-337940531.test_predictions.csv,1,high,179,numeric,results/0-bullet-is/model-gpt-5.2/gpt-5.2_task-ACSIncome/gpt-5.2_bench-2361729113/ACSIncome_subsampled-0.05_seed-42_hash-337940531.test_responses.csv
ACSIncome,gpt-5.2,1,1,1,0.56,balanced_accuracy,0.7923825543674156,0.7793913798804825,3963538529,0,bullet,is,original,default,,,results/0-bullet-is/model-gpt-5.2/gpt-5.2_task-ACSIncome/gpt-5.2_bench-3963538529/results.bench-3963538529.json,results/0-bullet-is/model-gpt-5.2/gpt-5.2_task-ACSIncome/gpt-5.2_bench-4100213017/ACSIncome_subsampled-0.05_seed-42_hash-337940531.test_predictions.csv,1,low,478,numeric,results/0-bullet-is/model-gpt-5.2/gpt-5.2_task-ACSIncome/gpt-5.2_bench-4100213017/ACSIncome_subsampled-0.05_seed-42_hash-337940531.test_responses.csv
ACSIncome,gpt-5.2,1,1,1,0.42,balanced_accuracy,0.7705154391445392,0.7781580174436731,545285220,0,bullet,is,original,default,,,results/0-bullet-is/model-gpt-5.2/gpt-5.2_task-ACSIncome/gpt-5.2_bench-545285220/results.bench-545285220.json,results/0-bullet-is/model-gpt-5.2/gpt-5.2_task-ACSIncome/gpt-5.2_bench-3606230967/ACSIncome_subsampled-0.05_seed-42_hash-337940531.test_predictions.csv,1,high,562,numeric,results/0-bullet-is/model-gpt-5.2/gpt-5.2_task-ACSIncome/gpt-5.2_bench-3606230967/ACSIncome_subsampled-0.05_seed-42_hash-337940531.test_responses.csv
ACSIncome,gpt-5.4,1,1,1,0.61,balanced_accuracy,0.7907004685810405,0.7854132863630268,1032798327,0,bullet,is,original,default,,,results/0-bullet-is/model-gpt-5.4/gpt-5.4_task-ACSIncome/gpt-5.4_bench-1032798327/results.bench-1032798327.json,results/0-bullet-is/model-gpt-5.4/gpt-5.4_task-ACSIncome/gpt-5.4_bench-3113980850/ACSIncome_subsampled-0.05_seed-42_hash-337940531.test_predictions.csv,1,none,478,numeric,results/0-bullet-is/model-gpt-5.4/gpt-5.4_task-ACSIncome/gpt-5.4_bench-3113980850/ACSIncome_subsampled-0.05_seed-42_hash-337940531.test_responses.csv
ACSIncome,gpt-5.4,1,1,1,0.41,balanced_accuracy,0.7666426339822158,0.7796062011114966,1195103807,0,bullet,is,original,default,,,results/0-bullet-is/model-gpt-5.4/gpt-5.4_task-ACSIncome/gpt-5.4_bench-1195103807/results.bench-1195103807.json,results/0-bullet-is/model-gpt-5.4/gpt-5.4_task-ACSIncome/gpt-5.4_bench-3299125131/ACSIncome_subsampled-0.05_seed-42_hash-337940531.test_predictions.csv,1,medium,478,numeric,results/0-bullet-is/model-gpt-5.4/gpt-5.4_task-ACSIncome/gpt-5.4_bench-3299125131/ACSIncome_subsampled-0.05_seed-42_hash-337940531.test_responses.csv
ACSIncome,gpt-5.4,1,1,1,0.62,balanced_accuracy,0.787070415765441,0.782897761297337,1360980579,0,bullet,is,original,default,,,results/0-bullet-is/model-gpt-5.4/gpt-5.4_task-ACSIncome/gpt-5.4_bench-1360980579/results.bench-1360980579.json,results/0-bullet-is/model-gpt-5.4/gpt-5.4_task-ACSIncome/gpt-5.4_bench-3506118671/ACSIncome_subsampled-0.05_seed-42_hash-337940531.test_predictions.csv,1,none,42,numeric,results/0-bullet-is/model-gpt-5.4/gpt-5.4_task-ACSIncome/gpt-5.4_bench-3506118671/ACSIncome_subsampled-0.05_seed-42_hash-337940531.test_responses.csv
ACSIncome,gpt-5.4,1,1,1,0.42,balanced_accuracy,0.7688327316486161,0.780584909220795,1679393463,0,bullet,is,original,default,,,results/0-bullet-is/model-gpt-5.4/gpt-5.4_task-ACSIncome/gpt-5.4_bench-1679393463/results.bench-1679393463.json,results/0-bullet-is/model-gpt-5.4/gpt-5.4_task-ACSIncome/gpt-5.4_bench-885390590/ACSIncome_subsampled-0.05_seed-42_hash-337940531.test_predictions.csv,1,high,264,numeric,results/0-bullet-is/model-gpt-5.4/gpt-5.4_task-ACSIncome/gpt-5.4_bench-885390590/ACSIncome_subsampled-0.05_seed-42_hash-337940531.test_responses.csv
ACSIncome,gpt-5.4,1,1,1,0.56,balanced_accuracy,0.7699795697632497,0.7807801341117835,1706787290,0,bullet,is,original,default,,,results/0-bullet-is/model-gpt-5.4/gpt-5.4_task-ACSIncome/gpt-5.4_bench-1706787290/results.bench-1706787290.json,results/0-bullet-is/model-gpt-5.4/gpt-5.4_task-ACSIncome/gpt-5.4_bench-2029970761/ACSIncome_subsampled-0.05_seed-42_hash-337940531.test_predictions.csv,1,none,562,numeric,results/0-bullet-is/model-gpt-5.4/gpt-5.4_task-ACSIncome/gpt-5.4_bench-2029970761/ACSIncome_subsampled-0.05_seed-42_hash-337940531.test_responses.csv
ACSIncome,gpt-5.4,1,1,1,0.39,balanced_accuracy,0.7617502103618223,0.7780225258608342,2349258531,0,bullet,is,original,default,,,results/0-bullet-is/model-gpt-5.4/gpt-5.4_task-ACSIncome/gpt-5.4_bench-2349258531/results.bench-2349258531.json,results/0-bullet-is/model-gpt-5.4/gpt-5.4_task-ACSIncome/gpt-5.4_bench-320744148/ACSIncome_subsampled-0.05_seed-42_hash-337940531.test_predictions.csv,1,high,478,numeric,results/0-bullet-is/model-gpt-5.4/gpt-5.4_task-ACSIncome/gpt-5.4_bench-320744148/ACSIncome_subsampled-0.05_seed-42_hash-337940531.test_responses.csv
ACSIncome,gpt-5.4,1,1,1,0.46,balanced_accuracy,0.7779646761984861,0.7798047296922388,2391356833,0,bullet,is,original,default,,,results/0-bullet-is/model-gpt-5.4/gpt-5.4_task-ACSIncome/gpt-5.4_bench-2391356833/results.bench-2391356833.json,results/0-bullet-is/model-gpt-5.4/gpt-5.4_task-ACSIncome/gpt-5.4_bench-2772254224/ACSIncome_subsampled-0.05_seed-42_hash-337940531.test_predictions.csv,1,medium,562,numeric,results/0-bullet-is/model-gpt-5.4/gpt-5.4_task-ACSIncome/gpt-5.4_bench-2772254224/ACSIncome_subsampled-0.05_seed-42_hash-337940531.test_responses.csv
ACSIncome,gpt-5.4,1,1,1,0.58,balanced_accuracy,0.7827445325642874,0.782936034630983,2539304640,0,bullet,is,original,default,,,results/0-bullet-is/model-gpt-5.4/gpt-5.4_task-ACSIncome/gpt-5.4_bench-2539304640/results.bench-2539304640.json,results/0-bullet-is/model-gpt-5.4/gpt-5.4_task-ACSIncome/gpt-5.4_bench-2847044753/ACSIncome_subsampled-0.05_seed-42_hash-337940531.test_predictions.csv,1,low,478,numeric,results/0-bullet-is/model-gpt-5.4/gpt-5.4_task-ACSIncome/gpt-5.4_bench-2847044753/ACSIncome_subsampled-0.05_seed-42_hash-337940531.test_responses.csv
ACSIncome,gpt-5.4,1,1,1,0.56,balanced_accuracy,0.773972602739726,0.784625791509635,2669469504,0,bullet,is,original,default,,,results/0-bullet-is/model-gpt-5.4/gpt-5.4_task-ACSIncome/gpt-5.4_bench-2669469504/results.bench-2669469504.json,results/0-bullet-is/model-gpt-5.4/gpt-5.4_task-ACSIncome/gpt-5.4_bench-1997514798/ACSIncome_subsampled-0.05_seed-42_hash-337940531.test_predictions.csv,1,none,264,numeric,results/0-bullet-is/model-gpt-5.4/gpt-5.4_task-ACSIncome/gpt-5.4_bench-1997514798/ACSIncome_subsampled-0.05_seed-42_hash-337940531.test_responses.csv
ACSIncome,gpt-5.4,1,1,1,0.5,balanced_accuracy,0.7785654211221915,0.7810411712585715,267505400,0,bullet,is,original,default,,,results/0-bullet-is/model-gpt-5.4/gpt-5.4_task-ACSIncome/gpt-5.4_bench-267505400/results.bench-267505400.json,results/0-bullet-is/model-gpt-5.4/gpt-5.4_task-ACSIncome/gpt-5.4_bench-267505400/ACSIncome_subsampled-0.05_seed-42_hash-2263364311.test_predictions.csv,1,medium,42,mcq,results/0-bullet-is/model-gpt-5.4/gpt-5.4_task-ACSIncome/gpt-5.4_bench-267505400/ACSIncome_subsampled-0.05_seed-42_hash-2263364311.test_responses.csv
ACSIncome,gpt-5.4,1,1,1,0.62,balanced_accuracy,0.7882466049753636,0.7831831661755142,2693639376,0,bullet,is,original,default,,,results/0-bullet-is/model-gpt-5.4/gpt-5.4_task-ACSIncome/gpt-5.4_bench-2693639376/results.bench-2693639376.json,results/0-bullet-is/model-gpt-5.4/gpt-5.4_task-ACSIncome/gpt-5.4_bench-3743851517/ACSIncome_subsampled-0.05_seed-42_hash-337940531.test_predictions.csv,1,none,179,numeric,results/0-bullet-is/model-gpt-5.4/gpt-5.4_task-ACSIncome/gpt-5.4_bench-3743851517/ACSIncome_subsampled-0.05_seed-42_hash-337940531.test_responses.csv
ACSIncome,gpt-5.4,1,1,1,0.41,balanced_accuracy,0.7642745522298353,0.778487958640127,2977626729,0,bullet,is,original,default,,,results/0-bullet-is/model-gpt-5.4/gpt-5.4_task-ACSIncome/gpt-5.4_bench-2977626729/results.bench-2977626729.json,results/0-bullet-is/model-gpt-5.4/gpt-5.4_task-ACSIncome/gpt-5.4_bench-3430427514/ACSIncome_subsampled-0.05_seed-42_hash-337940531.test_predictions.csv,1,high,562,numeric,results/0-bullet-is/model-gpt-5.4/gpt-5.4_task-ACSIncome/gpt-5.4_bench-3430427514/ACSIncome_subsampled-0.05_seed-42_hash-337940531.test_responses.csv
ACSIncome,gpt-5.4,1,1,1,0.42,balanced_accuracy,0.7636669470142977,0.7748360099159168,3117513682,0,bullet,is,original,default,,,results/0-bullet-is/model-gpt-5.4/gpt-5.4_task-ACSIncome/gpt-5.4_bench-3117513682/results.bench-3117513682.json,results/0-bullet-is/model-gpt-5.4/gpt-5.4_task-ACSIncome/gpt-5.4_bench-4133931760/ACSIncome_subsampled-0.05_seed-42_hash-337940531.test_predictions.csv,1,medium,42,numeric,results/0-bullet-is/model-gpt-5.4/gpt-5.4_task-ACSIncome/gpt-5.4_bench-4133931760/ACSIncome_subsampled-0.05_seed-42_hash-337940531.test_responses.csv
ACSIncome,gpt-5.4,1,1,1,0.5,balanced_accuracy,0.7778445272137451,0.7803339045377784,3232576134,0,bullet,is,original,default,,,results/0-bullet-is/model-gpt-5.4/gpt-5.4_task-ACSIncome/gpt-5.4_bench-3232576134/results.bench-3232576134.json,results/0-bullet-is/model-gpt-5.4/gpt-5.4_task-ACSIncome/gpt-5.4_bench-3232576134/ACSIncome_subsampled-0.05_seed-42_hash-2263364311.test_predictions.csv,1,low,562,mcq,results/0-bullet-is/model-gpt-5.4/gpt-5.4_task-ACSIncome/gpt-5.4_bench-3232576134/ACSIncome_subsampled-0.05_seed-42_hash-2263364311.test_responses.csv
ACSIncome,gpt-5.4,1,1,1,0.5,balanced_accuracy,0.7827706355881293,0.787061833648379,3360203738,0,bullet,is,original,default,,,results/0-bullet-is/model-gpt-5.4/gpt-5.4_task-ACSIncome/gpt-5.4_bench-3360203738/results.bench-3360203738.json,results/0-bullet-is/model-gpt-5.4/gpt-5.4_task-ACSIncome/gpt-5.4_bench-3360203738/ACSIncome_subsampled-0.05_seed-42_hash-2263364311.test_predictions.csv,1,high,42,mcq,results/0-bullet-is/model-gpt-5.4/gpt-5.4_task-ACSIncome/gpt-5.4_bench-3360203738/ACSIncome_subsampled-0.05_seed-42_hash-2263364311.test_responses.csv
ACSIncome,gpt-5.4,1,1,1,0.43,balanced_accuracy,0.7724378229003965,0.7816154755681337,3411436121,0,bullet,is,original,default,,,results/0-bullet-is/model-gpt-5.4/gpt-5.4_task-ACSIncome/gpt-5.4_bench-3411436121/results.bench-3411436121.json,results/0-bullet-is/model-gpt-5.4/gpt-5.4_task-ACSIncome/gpt-5.4_bench-149872585/ACSIncome_subsampled-0.05_seed-42_hash-337940531.test_predictions.csv,1,high,42,numeric,results/0-bullet-is/model-gpt-5.4/gpt-5.4_task-ACSIncome/gpt-5.4_bench-149872585/ACSIncome_subsampled-0.05_seed-42_hash-337940531.test_responses.csv
ACSIncome,gpt-5.4,1,1,1,0.43,balanced_accuracy,0.7655329888234588,0.776856613348278,3553878568,0,bullet,is,original,default,,,results/0-bullet-is/model-gpt-5.4/gpt-5.4_task-ACSIncome/gpt-5.4_bench-3553878568/results.bench-3553878568.json,results/0-bullet-is/model-gpt-5.4/gpt-5.4_task-ACSIncome/gpt-5.4_bench-2311237648/ACSIncome_subsampled-0.05_seed-42_hash-337940531.test_predictions.csv,1,low,42,numeric,results/0-bullet-is/model-gpt-5.4/gpt-5.4_task-ACSIncome/gpt-5.4_bench-2311237648/ACSIncome_subsampled-0.05_seed-42_hash-337940531.test_responses.csv
ACSIncome,gpt-5.4,1,1,1,0.39,balanced_accuracy,0.7615671193366182,0.7785101741698381,3799027999,0,bullet,is,original,default,,,results/0-bullet-is/model-gpt-5.4/gpt-5.4_task-ACSIncome/gpt-5.4_bench-3799027999/results.bench-3799027999.json,results/0-bullet-is/model-gpt-5.4/gpt-5.4_task-ACSIncome/gpt-5.4_bench-3791343441/ACSIncome_subsampled-0.05_seed-42_hash-337940531.test_predictions.csv,1,high,179,numeric,results/0-bullet-is/model-gpt-5.4/gpt-5.4_task-ACSIncome/gpt-5.4_bench-3791343441/ACSIncome_subsampled-0.05_seed-42_hash-337940531.test_responses.csv
ACSIncome,gpt-5.4,1,1,1,0.43,balanced_accuracy,0.7709960350835036,0.7808942128040531,398680124,0,bullet,is,original,default,,,results/0-bullet-is/model-gpt-5.4/gpt-5.4_task-ACSIncome/gpt-5.4_bench-398680124/results.bench-398680124.json,results/0-bullet-is/model-gpt-5.4/gpt-5.4_task-ACSIncome/gpt-5.4_bench-1964539416/ACSIncome_subsampled-0.05_seed-42_hash-337940531.test_predictions.csv,1,low,562,numeric,results/0-bullet-is/model-gpt-5.4/gpt-5.4_task-ACSIncome/gpt-5.4_bench-1964539416/ACSIncome_subsampled-0.05_seed-42_hash-337940531.test_responses.csv
ACSIncome,gpt-5.4,1,1,1,0.5,balanced_accuracy,0.777724378229004,0.7803084628413137,548009268,0,bullet,is,original,default,,,results/0-bullet-is/model-gpt-5.4/gpt-5.4_task-ACSIncome/gpt-5.4_bench-548009268/results.bench-548009268.json,results/0-bullet-is/model-gpt-5.4/gpt-5.4_task-ACSIncome/gpt-5.4_bench-548009268/ACSIncome_subsampled-0.05_seed-42_hash-2263364311.test_predictions.csv,1,low,42,mcq,results/0-bullet-is/model-gpt-5.4/gpt-5.4_task-ACSIncome/gpt-5.4_bench-548009268/ACSIncome_subsampled-0.05_seed-42_hash-2263364311.test_responses.csv
ACSIncome,gpt-5.4,1,1,1,0.5,balanced_accuracy,0.7683527574191998,0.7760362172812941,66152050,0,bullet,is,original,default,,,results/0-bullet-is/model-gpt-5.4/gpt-5.4_task-ACSIncome/gpt-5.4_bench-66152050/results.bench-66152050.json,results/0-bullet-is/model-gpt-5.4/gpt-5.4_task-ACSIncome/gpt-5.4_bench-66152050/ACSIncome_subsampled-0.05_seed-42_hash-2263364311.test_predictions.csv,1,none,42,mcq,results/0-bullet-is/model-gpt-5.4/gpt-5.4_task-ACSIncome/gpt-5.4_bench-66152050/ACSIncome_subsampled-0.05_seed-42_hash-2263364311.test_responses.csv
